,Company,Issue type,LTP,Market Cap(in CR),Listing date,Issue size,Issue price,QIB subscription,HNI subscription,Retail subscription,Total subscription,Listing open,Listing close,Listing gain,Current gain
0,DC Infotech and Comms,SME,276.4,391.9,27 Dec `19,10.8 Cr,₹ 45,-,1.4x,1.8x,1.6x,45.5,45.2,1.1%,514.2%
1,Ascom Leasing ,SME,86.0,100.8,06 Dec `19,6.3 Cr,₹ 30,-,1.9x,1.0x,1.5x,30.3,30.3,0.8%,330.3%
2,Mangalam Global ,SME,15.4,506.5,28 Nov `19,21.6 Cr,₹ 51,-,2.1x,0.5x,1.3x,53.0,51.5,3.9%,352.1%
3,Goblin,SME,18.2,25.2,16 Oct `19,15.2 Cr,₹ 52,-,1.9x,0.9x,1.4x,57.9,57.9,11.3%,-65.0%
4,Gensol Engineering,SME,54.2,205.8,15 Oct `19,17.9 Cr,₹ 83,-,2.3x,0.4x,1.3x,85.4,64.7,2.9%,161.0%
5,Goldkart Jewels,SME,213.0,357.5,15 Oct `19,4.5 Cr,₹ 10,-,1.7x,0.7x,1.2x,11.2,11.4,11.5%,2030.0%
6,Galactico Corporate ,SME,2.4,35.6,09 Oct `19,3.7 Cr,₹ 23,-,1.8x,0.6x,1.2x,23.2,0.9,0.9%,-91.2%
7,Misquita Engineering,SME,80.0,37.5,04 Oct `19,1.9 Cr,₹ 27,-,2.5x,0.7x,1.6x,27.9,29.2,3.1%,196.3%
8,Shiv Aum Steels,SME,302.0,410.7,01 Oct `19,15.8 Cr,₹ 44,-,2.3x,0.4x,1.3x,44.3,44.1,0.6%,586.4%
9,Novateor Research,SME,51.9,25.1,13 Sep `19,4.5 Cr,₹ 24,-,1.8x,0.7x,1.2x,24.0,24.1,0.0%,116.3%
10,Transpact Enterprises,SME,293.8,11.4,06 Sep `19,1.4 Cr,₹ 130,-,0.9x,1.4x,1.1x,132.5,131.0,1.9%,126.0%
11,Alphalogic Techsys,SME,105.4,659.9,06 Sep `19,6.2 Cr,₹ 84,-,2.0x,0.5x,1.2x,83.0,84.3,-1.2%,2300.9%
12,Wonder Electricals,SME,159.9,2142.5,01 Aug `19,19.8 Cr,₹ 89,-,2.2x,0.3x,1.3x,93.0,89.0,4.5%,2775.5%
13,SK Intl Export,SME,20.2,14.8,15 Jul `19,4.0 Cr,₹ 20,-,2.0x,0.5x,1.3x,19.2,20.0,-4.0%,0.9%
14,City Pulse Multiplex,SME,2119.8,2260.6,11 Jul `19,4.0 Cr,₹ 30,-,2.7x,3.3x,3.0x,28.5,29.6,-5.0%,6966.2%
15,AB Infrabuild,SME,171.0,1092.3,11 Jul `19,12.8 Cr,₹ 29,-,1.2x,0.7x,1.0x,29.0,29.1,0.0%,489.7%
16,Murae Organisor,SME,1.0,180.3,04 Jul `19,6.7 Cr,₹ 36,-,1.7x,1.5x,1.6x,36.0,36.0,0.0%,-46.1%
17,SBC Exports,SME,15.4,735.7,04 Jul `19,6.6 Cr,₹ 22,-,1.9x,0.8x,1.4x,22.0,1.2,0.0%,3053.1%
18,Anand Rayons,SME,293.0,615.5,02 Jul `19,12.7 Cr,₹ 27,-,1.9x,0.5x,1.2x,28.3,27.2,4.6%,985.2%
19,Parshva Enterprises,SME,254.7,259.5,01 Jul `19,3.6 Cr,₹ 45,-,1.6x,0.7x,1.2x,45.9,15.1,1.9%,466.0%
20,Suich Industries,SME,4.3,6.6,13 Jun `19,30.9 Cr,₹ 75,-,1.3x,1.5x,1.4x,68.5,71.3,-8.7%,-94.2%
21,Cian Healthcare,SME,4.2,10.4,23 May `19,37.9 Cr,₹ 61,-,1.9x,0.6x,1.3x,62.0,61.5,1.6%,-93.6%
22,Par Drugs & Chemicals,SME,96.5,118.7,16 May `19,8.5 Cr,₹ 51,-,3.5x,8.0x,5.7x,52.9,50.5,3.7%,89.1%
23,Artemis Electricals,SME,25.0,627.8,14 May `19,42.0 Cr,₹ 60,-,1.7x,0.5x,1.1x,70.0,69.8,16.7%,316.8%
24,Evans Electric,SME,190.4,104.5,13 May `19,1.9 Cr,₹ 52,-,2.6x,0.6x,1.6x,52.2,54.8,0.4%,1364.6%
25,White Organic Retail,SME,5.3,17.2,10 May `19,15.5 Cr,₹ 63,-,2.0x,0.7x,1.4x,64.2,10.7,1.9%,-91.7%
26,GKP Printing,SME,6.2,13.5,08 May `19,6.6 Cr,₹ 32,-,1.6x,1.6x,1.6x,34.2,17.5,6.9%,-80.8%
27,V R Films & Studios,SME,15.2,16.6,30 Apr `19,2.3 Cr,₹ 61,-,1.5x,1.6x,1.5x,62.0,60.0,1.6%,98.7%
28,Jinaams Dress,SME,2.4,5.3,25 Apr `19,42.5 Cr,₹ 59,-,1.3x,1.1x,1.2x,59.0,56.1,0.0%,-96.0%
29,KHFM Hospitality ,SME,82.0,171.1,12 Apr `19,10.6 Cr,₹ 36,-,1.3x,1.5x,1.3x,36.5,36.1,1.4%,127.6%
30,Osia Hyper Retail,SME,16.8,297.3,05 Apr `19,39.8 Cr,₹ 252,-,1.7x,0.6x,1.1x,255.0,267.6,1.2%,6.7%
31,Northern Spirits,SME,208.0,333.9,04 Apr `19,18.5 Cr,₹ 43,-,1.8x,0.8x,1.3x,43.7,43.1,1.6%,383.7%
32,Roopshri Resorts,SME,53.5,31.2,01 Apr `19,3.6 Cr,₹ 20,-,1.4x,0.8x,1.1x,20.3,20.3,1.3%,167.6%
33,Embassy Office Parks REIT,SME,391.0,37065.5,01 Apr `19,4750.0 Cr,₹ 300,2.1x,3.1x,-,2.6x,300.0,314.1,0.0%,30.3%
34,Artedz Fabs,SME,18.7,16.0,29 Mar `19,8.3 Cr,₹ 36,-,1.3x,1.8x,1.5x,40.0,41.6,11.1%,-48.1%
35,Humming Bird Edu,SME,90.6,55.6,28 Mar `19,2.1 Cr,₹ 132,-,1.9x,0.9x,1.4x,132.0,132.0,0.0%,586.6%
36,Ashapuri Ornament,SME,6.5,218.0,27 Mar `19,29.3 Cr,₹ 51,-,2.1x,0.3x,1.2x,50.0,51.0,-2.0%,28.2%
37,Aartech Solonics,SME,66.8,212.3,27 Mar `19,7.2 Cr,₹ 34,-,2.4x,1.6x,2.0x,34.0,23.1,-0.1%,783.9%
38,Mahip Industries,SME,3.4,6.6,12 Mar `19,16.6 Cr,₹ 32,-,1.5x,1.5x,1.5x,32.0,33.6,0.0%,-89.3%
39,Gleam Fabmat,SME,10.6,10.6,05 Mar `19,3.1 Cr,₹ 10,-,2.7x,0.8x,1.8x,9.0,8.6,-10.0%,6.1%
40,Kranti Industries,SME,89.8,114.6,28 Feb `19,8.6 Cr,₹ 37,-,1.3x,1.3x,1.3x,35.3,30.8,-4.7%,142.7%
41,Mindpool Tech,SME,74.1,31.4,28 Feb `19,3.6 Cr,₹ 30,-,2.5x,1.6x,2.1x,30.0,28.5,0.0%,147.0%
42,Jonjua Overseas,SME,10.0,23.1,25 Feb `19,1.3 Cr,₹ 10,-,0.8x,0.1x,0.5x,12.0,9.4,20.0%,67.2%
43,Anmol,SME,17.9,102.2,21 Feb `19,10.2 Cr,₹ 33,-,1.6x,1.6x,1.6x,33.6,34.1,1.8%,172.0%
44,Ritco Logistics,SME,294.0,832.7,07 Feb `19,48.2 Cr,₹ 73,-,1.8x,1.0x,1.4x,77.4,73.5,6.0%,302.7%
45,Surani Steel Tubes,SME,104.1,161.9,06 Feb `19,12.9 Cr,₹ 52,-,1.7x,1.2x,1.6x,53.1,53.3,2.1%,100.2%
46,Net Pix Shorts Digital ,SME,32.0,10.2,02 Dec `20,2.7 Cr,₹ 30,-,1.7x,1.9x,1.8x,30.1,30.1,0.5%,6.7%
47,Shine Fashions,SME,452.0,140.1,02 Nov `20,1.6 Cr,₹ 40,-,1.8x,1.6x,1.7x,40.5,39.5,1.3%,1030.0%
48,Bodhi Tree Multimedia,SME,8.5,153.1,21 Oct `20,3.7 Cr,₹ 95,-,1.4x,1.8x,1.6x,95.0,95.8,0.0%,346.3%
49,Sigma Solve,SME,377.0,387.5,19 Oct `20,5.0 Cr,₹ 45,-,1.1x,2.1x,1.6x,46.0,45.1,2.2%,1994.4%
50,Atal Realtech,SME,20.5,227.6,15 Oct `20,10.8 Cr,₹ 72,-,2.0x,0.4x,1.2x,70.2,66.7,-2.5%,327.1%
51,Likhitha Infra,SME,289.1,1140.3,15 Oct `20,61.2 Cr,₹ 120,22.0x,1.5x,23.7x,9.5x,130.0,136.5,8.3%,381.8%
52,G M Polyplast,SME,87.0,117.1,14 Oct `20,8.1 Cr,₹ 159,-,2.1x,1.1x,1.6x,160.0,167.5,0.6%,283.1%
53,AAA Technologies,SME,83.5,107.1,13 Oct `20,10.2 Cr,₹ 42,-,2.5x,2.3x,2.4x,44.5,43.6,6.0%,98.7%
54,Atam Valves,SME,106.9,122.5,06 Oct `20,4.5 Cr,₹ 40,-,2.5x,3.4x,2.9x,40.0,39.0,0.0%,434.5%
55,SecMark Consultancy,SME,157.9,164.4,01 Oct `20,15.0 Cr,₹ 135,-,1.1x,1.4x,1.2x,134.0,127.3,-0.7%,192.4%
56,Advait Infratech,SME,1771.9,1916.4,30 Sep `20,6.9 Cr,₹ 51,-,1.5x,2.3x,1.9x,52.0,51.5,1.9%,6848.6%
57,Trekkingtoes.com,SME,29.2,4.7,28 Aug `20,4.5 Cr,₹ 105,-,0.3x,2.8x,1.6x,105.0,99.8,0.0%,-72.2%
58,Suratwwala Business Group,SME,44.7,775.9,13 Aug `20,6.9 Cr,₹ 15,-,2.4x,0.3x,1.3x,15.4,16.2,3.0%,2882.7%
59,Mindspace REIT,SME,411.9,24423.5,12 Aug `20,4500.0 Cr,₹ 275,-,10.6x,15.5x,13.0x,302.0,303.7,9.8%,49.8%
60,Bonlon Industries,SME,39.8,56.4,11 Jul `20,10.5 Cr,₹ 28,-,2.5x,0.2x,1.4x,21.0,21.5,-25.0%,42.1%
61,Ksolves,SME,355.9,843.9,06 Jul `20,4.0 Cr,₹ 100,-,2.2x,0.6x,1.4x,102.0,106.9,1.9%,5594.4%
62,Billwin Industries,SME,28.4,11.8,30 Jun `20,2.5 Cr,₹ 37,-,2.1x,0.6x,1.4x,36.9,37.1,-0.3%,-23.4%
63,Nirmitee Robotics,SME,113.5,40.9,21 Apr `20,3.2 Cr,₹ 185,-,1.7x,0.6x,1.1x,189.0,189.0,2.2%,-38.6%
64,Laxmi Goldorna House,SME,781.9,1631.9,16 Apr `20,8.3 Cr,₹ 15,-,2.2x,0.2x,1.2x,15.0,15.0,0.0%,5112.3%
65,DJ Mediaprint & Logistics,SME,113.4,372.9,13 Apr `20,2.4 Cr,₹ 20,-,1.9x,1.7x,1.8x,20.6,20.8,3.0%,3305.4%
66,Cospower Engineering,SME,570.7,95.6,30 Mar `20,2.0 Cr,₹ 51,-,2.4x,0.7x,1.5x,51.0,53.1,0.0%,1019.0%
67,RO Jewels,SME,2.5,12.4,25 Mar `20,4.9 Cr,₹ 36,-,1.9x,0.4x,1.2x,36.0,36.0,0.0%,21.8%
68,SM Auto Stamping,SME,29.3,40.0,16 Mar `20,6.9 Cr,₹ 18,-,2.2x,0.5x,1.3x,18.0,18.0,0.0%,62.5%
69,Chandra Bhagat Pharma,SME,58.0,43.7,14 Feb `20,10.2 Cr,₹ 51,-,1.9x,1.4x,1.6x,51.7,51.8,1.4%,13.6%
70,ICL Organic Dairy ,SME,39.7,23.8,14 Feb `20,4.1 Cr,₹ 20,-,3.6x,2.6x,3.1x,20.8,21.8,4.0%,98.5%
71,Janus Corporation,SME,4.7,11.8,07 Feb `20,8.0 Cr,₹ 50,-,1.0x,1.5x,1.3x,50.7,48.5,1.4%,-78.0%
72,Tranway Technologies,SME,7.5,7.9,06 Feb `20,4.2 Cr,₹ 10,-,1.1x,2.9x,2.0x,11.1,11.7,11.0%,-25.0%
73,Hindprakash Industries,SME,147.1,168.1,27 Jan `20,11.5 Cr,₹ 40,-,3.0x,1.4x,2.2x,40.7,41.3,1.8%,267.8%
74,Gian Life Care,SME,14.7,15.2,13 Jan `20,3.1 Cr,₹ 22,-,1.9x,0.8x,1.3x,22.0,22.0,0.0%,-33.1%
75,Vaxtex Cotfab,SME,0.9,16.0,13 Jan `20,3.8 Cr,₹ 24,-,1.8x,4.0x,2.9x,24.1,24.8,0.4%,-39.6%
76,Valencia Nutrition,SME,61.7,104.7,06 Jan `20,7.2 Cr,₹ 46,-,2.5x,0.6x,1.6x,46.5,47.0,1.0%,34.1%
77,Vivo Collaboration ,SME,64.0,12.9,31 Dec `21,4.4 Cr,₹ 82,-,292.9x,273.1x,283.0x,355.1,337.4,333.1%,-21.9%
78,Brandbucket Media,SME,4.9,11.4,31 Dec `21,8.3 Cr,₹ 55,-,2.1x,1.0x,1.6x,51.0,52.5,-7.3%,-91.1%
79,Wherrelz IT Solutions,SME,242.9,9.5,29 Dec `21,2.0 Cr,₹ 171,-,1.6x,2.9x,2.3x,179.9,177.2,5.2%,42.0%
80,Clara Industries,SME,36.5,75.5,29 Dec `21,3.0 Cr,₹ 43,-,1.5x,1.6x,1.5x,45.7,44.0,6.3%,324.4%
81,Foce,SME,1951.0,954.6,28 Dec `21,29.0 Cr,₹ 225,-,1.3x,1.8x,1.6x,225.0,225.7,0.0%,767.1%
82,Euro Panel Products,SME,198.0,485.1,24 Dec `21,45.5 Cr,₹ 70,-,1.7x,1.9x,1.8x,70.0,71.4,0.0%,182.9%
83,Nupur Recyclers,SME,78.4,541.4,24 Dec `21,34.2 Cr,₹ 60,-,53.1x,34.2x,43.7x,74.0,77.7,23.3%,331.2%
84,DMR Hydroengineering,SME,138.0,55.0,07 Dec `21,2.1 Cr,₹ 21,-,8.5x,14.3x,11.4x,25.0,26.3,19.1%,557.1%
85,Omnipotent Industries,SME,8.7,5.2,29 Nov `21,18.9 Cr,₹ 63,-,1.0x,1.3x,1.2x,99.0,94.0,57.1%,-86.3%
86,Suyog Gurbaxani Funicular,SME,130.0,323.2,16 Nov `21,29.5 Cr,₹ 45,-,2.0x,0.6x,1.3x,45.1,45.1,0.3%,188.9%
87,Nidan Laboratories,SME,19.6,27.3,12 Nov `21,50.0 Cr,₹ 125,-,0.1x,3.4x,1.8x,123.9,117.8,-0.9%,-84.3%
88,Kotyark Industries,SME,284.1,292.0,02 Nov `21,11.3 Cr,₹ 51,-,3.6x,10.7x,7.2x,51.0,48.5,0.0%,457.0%
89,Dynamic Services ,SME,152.9,341.4,13 Oct `21,24.1 Cr,₹ 51,-,2.3x,1.6x,1.9x,53.0,53.5,3.9%,199.9%
90,Destiny Logistics & Infra,SME,97.8,150.4,13 Oct `21,5.4 Cr,₹ 20,-,2.1x,7.4x,4.8x,20.7,19.7,3.5%,388.8%
91,Samor Reality,SME,63.0,142.5,13 Oct `21,8.1 Cr,₹ 62,-,2.5x,0.9x,1.7x,62.6,62.5,1.0%,1.7%
92,CWD,SME,1120.3,404.6,13 Oct `21,18.0 Cr,₹ 180,-,1.9x,0.7x,1.3x,180.2,180.6,0.1%,522.4%
93,Adishakti Loha & Ispat,SME,15.7,7.2,13 Oct `21,2.0 Cr,₹ 11,-,2.9x,1.8x,0.8x,6.4,11.4,-41.8%,42.7%
94,Bombay Metrics Supply ,SME,49.0,60.3,12 Oct `21,4.3 Cr,₹ 93,-,16.3x,20.7x,18.5x,98.3,103.2,5.7%,321.3%
95,Promax Power,SME,29.0,72.5,12 Oct `21,1.6 Cr,₹ 10,-,2.4x,11.4x,6.9x,13.3,11.6,33.5%,480.0%
96,Shri Venkatesh Refineries,SME,196.2,433.9,11 Oct `21,11.7 Cr,₹ 40,-,2.4x,3.8x,3.1x,43.9,42.1,9.8%,880.8%
97,Jainam Ferro Alloys ,SME,275.0,322.1,08 Oct `21,19.6 Cr,₹ 70,-,6.2x,7.1x,6.7x,73.0,73.1,4.3%,292.9%
98,Getalong Enterprises,SME,13.9,27.8,08 Oct `21,5.2 Cr,₹ 69,-,2.1x,2.1x,2.1x,72.2,76.7,4.6%,101.5%
99,Quadpro ITeS,SME,3.7,18.7,30 Sep `21,14.1 Cr,₹ 20,-,8.7x,23.5x,16.1x,19.8,19.9,-1.0%,-63.0%
100,SBL Infratech,SME,37.5,3.0,28 Sep `21,2.4 Cr,₹ 111,-,0.8x,2.4x,1.6x,130.0,125.0,17.1%,-66.2%
101,Prevest Denpro,SME,580.0,696.2,27 Sep `21,26.6 Cr,₹ 84,5.8x,79.0x,32.9x,38.1x,180.6,189.6,114.9%,590.5%
102,Markolines Pavement,SME,155.4,342.1,27 Sep `21,40.0 Cr,₹ 78,-,2.8x,1.6x,2.2x,62.2,65.3,-20.3%,99.3%
103,BEW Engineering,SME,170.3,222.6,16 Sep `21,4.0 Cr,₹ 58,-,0.6x,6.7x,3.6x,127.6,133.9,120.0%,1074.5%
104,PlatinumOne Business,SME,130.0,20.6,16 Sep `21,3.9 Cr,₹ 92,-,3.3x,2.6x,3.0x,110.0,104.9,19.6%,41.3%
105,Naapbooks,SME,142.9,128.9,15 Sep `21,4.0 Cr,₹ 74,4.0x,0.6x,2.5x,1.6x,73.9,74.0,-0.1%,479.3%
106,Aashka Hospitals,SME,103.5,242.2,01 Sep `21,101.6 Cr,₹ 121,-,2.0x,0.8x,1.3x,76.5,115.0,-36.8%,-14.5%
107,DU Digital Global,SME,47.2,329.3,26 Aug `21,4.5 Cr,₹ 65,-,6.7x,39.3x,23.0x,60.0,63.0,-7.7%,1352.3%
108,Rex Pipes and Cables,SME,118.3,111.8,10 Aug `21,6.2 Cr,₹ 26,-,6.8x,41.1x,24.0x,26.7,26.8,2.7%,355.2%
109,Network People,SME,2083.7,4041.4,10 Aug `21,13.7 Cr,₹ 80,1.1x,10.4x,50.7x,22.4x,28.0,26.6,-65.0%,2504.6%
110,Gretex Corporate,SME,290.0,656.5,09 Aug `21,5.1 Cr,₹ 170,-,2.4x,12.2x,7.3x,177.0,180.6,4.1%,2817.5%
111,AA Plus Tradelink,SME,0.7,17.3,22 Jul `21,6.5 Cr,₹ 18,-,0.3x,2.6x,1.5x,16.6,17.5,-7.5%,-60.6%
112,Focus Business ,SME,145.0,66.8,13 Jul `21,1.2 Cr,₹ 19,-,3.2x,10.1x,6.7x,29.4,27.9,54.5%,1273.1%
113,Walpar Nutritions,SME,47.4,44.5,13 Jul `21,6.6 Cr,₹ 55,-,1.0x,17.9x,9.5x,60.0,57.0,9.0%,72.2%
114,Times Green Energy,SME,75.0,12.5,30 Jun `21,4.0 Cr,₹ 61,-,0.8x,5.0x,2.9x,61.4,61.6,0.7%,22.9%
115,Adeshwar Meditex,SME,18.0,26.0,28 Jun `21,9.8 Cr,₹ 25,-,1.5x,2.2x,1.9x,25.3,25.1,1.0%,-28.0%
116,Navoday Enterprises,SME,5.7,4.4,24 Jun `21,4.6 Cr,₹ 20,-,0.3x,4.4x,2.4x,19.5,18.6,-2.5%,-43.1%
117,Abhishek Integrations,SME,69.0,41.5,21 Jun `21,5.0 Cr,₹ 50,-,0.5x,20.5x,10.5x,40.0,38.0,-20.0%,38.0%
118,Kuberan Global Edu ,SME,35.1,7.4,05 May `21,1.1 Cr,₹ 20,-,1.4x,5.2x,3.3x,21.0,22.1,5.0%,75.7%
119,Jetmall Spices,SME,15.1,9.1,19 Apr `21,5.0 Cr,₹ 20,-,1.9x,0.8x,1.4x,20.5,19.5,2.5%,-24.4%
120,Rajeshwari Cans,SME,213.4,223.9,15 Apr `21,4.0 Cr,₹ 20,-,1.6x,1.2x,1.4x,20.8,20.0,3.8%,2034.0%
121,V-Marc,SME,410.5,1002.5,09 Apr `21,23.4 Cr,₹ 39,-,1.4x,1.8x,1.6x,46.5,47.1,19.2%,952.6%
122,Siddhika Coatings,SME,204.8,126.5,07 Apr `21,4.7 Cr,₹ 57,-,2.3x,2.9x,2.6x,55.0,57.0,-3.5%,618.4%
123,EKI Energy Services,SME,125.0,344.9,07 Apr `21,18.6 Cr,₹ 102,1.0x,10.3x,3.1x,4.0x,140.0,147.0,37.3%,22.5%
124,Niks Technology,SME,495.0,24.8,31 Mar `21,2.0 Cr,₹ 201,-,1.0x,7.2x,4.1x,202.1,203.0,0.6%,146.3%
125,Knowledge Marine Engg,SME,1597.3,1725.2,22 Mar `21,10.1 Cr,₹ 37,-,2.1x,3.6x,2.9x,38.0,38.3,2.7%,4217.0%
126,Adjia Technologies,SME,49.0,4.3,15 Mar `21,2.0 Cr,₹ 74,-,0.9x,5.2x,6.0x,64.1,74.3,-13.4%,-33.8%
127,Pavna Industries,SME,422.8,589.9,09 Mar `21,29.7 Cr,₹ 165,-,-,-,-,165.6,165.5,0.4%,156.2%
128,Party Cruisers,SME,80.0,95.3,05 Mar `21,7.8 Cr,₹ 51,-,0.3x,2.3x,1.3x,54.0,51.3,5.9%,213.5%
129,MRP Agro,SME,117.0,130.0,18 Feb `21,3.2 Cr,₹ 40,-,2.7x,4.2x,3.2x,39.8,37.8,-0.6%,778.1%
130,Moxsh Overseas Educon,SME,33.6,30.2,30 Dec `22,10.4 Cr,₹ 153,-,93.1x,107.6x,100.4x,131.0,127.8,-14.4%,-12.0%
131,Uma Converter,SME,26.4,53.4,29 Dec `22,18.4 Cr,₹ 33,-,15.5x,17.7x,16.6x,34.3,33.1,3.8%,-20.1%
132,Arihant Academy,SME,275.0,166.5,29 Dec `22,14.7 Cr,₹ 90,-,242.9x,228.6x,235.7x,120.1,126.1,33.4%,205.6%
133,Dollex Agrotech,SME,42.5,169.8,28 Dec `22,24.4 Cr,₹ 35,-,1.5x,2.3x,1.9x,30.0,31.5,-14.3%,21.4%
134,Droneacharya Aerial,SME,87.0,208.7,23 Dec `22,34.0 Cr,₹ 54,46.2x,287.8x,330.8x,243.7x,102.0,107.1,88.9%,61.1%
135,All e Technologies,SME,369.9,747.0,21 Dec `22,48.2 Cr,₹ 90,13.5x,237.1x,132.5x,88.7x,125.0,131.3,38.9%,311.0%
136,PNGS Gargi Jewellery,SME,900.5,932.7,20 Dec `22,7.8 Cr,₹ 30,-,213.2x,248.3x,230.7x,57.0,59.9,90.0%,2901.7%
137,Arham Technologies,SME,89.9,152.1,15 Dec `22,9.6 Cr,₹ 42,-,467.9x,442.8x,417.6x,60.0,63.0,42.9%,114.0%
138,Pritika Engineering,SME,85.0,224.1,08 Dec `22,9.4 Cr,₹ 29,-,144.3x,168.5x,156.4x,42.2,44.3,45.5%,486.2%
139,Baheti Recycling ,SME,608.0,630.4,08 Dec `22,12.4 Cr,₹ 45,-,259.2x,435.6x,347.5x,120.0,114.0,166.7%,1251.1%
140,Ambo Agritec,SME,90.0,101.7,02 Dec `22,10.2 Cr,₹ 30,-,323.5x,350.0x,336.8x,40.1,42.1,33.7%,200.0%
141,Anuroop Packaging,SME,18.7,20.7,21 Nov `22,2.6 Cr,₹ 13,-,3.8x,7.0x,5.4x,13.3,13.9,1.9%,43.9%
142,Technopack Polymers,SME,23.1,24.9,16 Nov `22,7.9 Cr,₹ 55,-,19.8x,19.8x,19.8x,74.0,77.7,34.5%,-16.0%
143,Amiable Logistic,SME,75.9,13.3,16 Nov `22,4.4 Cr,₹ 81,-,186.0x,281.7x,233.8x,129.9,136.4,60.4%,-6.3%
144,Vital Chemtech,SME,63.5,152.1,14 Nov `22,64.6 Cr,₹ 101,15.5x,204.1x,117.0x,79.3x,164.0,163.1,62.4%,-37.1%
145,DAPS Advertising,SME,24.6,12.7,14 Nov `22,5.1 Cr,₹ 30,-,83.2x,48.5x,65.8x,57.0,55.1,90.0%,-18.0%
146,Integrated Personnel,SME,273.9,235.8,11 Nov `22,12.7 Cr,₹ 59,-,14.7x,24.5x,19.6x,66.5,69.8,12.7%,364.3%
147,Rite Zone Chemcon,SME,22.9,9.7,11 Nov `22,9.0 Cr,₹ 75,-,2.4x,7.1x,4.7x,82.8,87.0,10.5%,-69.4%
148,Phantom Digital ,SME,306.0,418.6,21 Oct `22,29.1 Cr,₹ 95,14.8x,554.8x,207.0x,164.2x,300.0,312.7,215.8%,222.1%
149,Pace E-Commerce,SME,23.0,51.8,20 Oct `22,66.5 Cr,₹ 103,-,1.7x,0.6x,1.1x,104.5,109.7,1.5%,-77.7%
150,Maagh Advertising,SME,25.4,572.0,13 Oct `22,9.1 Cr,₹ 60,-,0.2x,0.3x,0.3x,62.3,65.4,3.8%,429.6%
151,Frog Cellsat,SME,239.7,372.2,13 Oct `22,41.6 Cr,₹ 102,5.4x,70.9x,22.1x,21.1x,177.0,185.8,73.5%,134.9%
152,Swastik Pipe,SME,32.6,75.7,12 Oct `22,62.5 Cr,₹ 100,-,1.4x,1.3x,1.4x,66.0,69.3,-34.0%,-67.4%
153,QMS Medical Allied ,SME,82.0,146.4,11 Oct `22,56.9 Cr,₹ 121,-,1.3x,0.5x,0.9x,128.0,134.4,5.8%,-32.2%
154,Lloyds Luxuries,SME,100.2,239.1,11 Oct `22,24.0 Cr,₹ 40,-,11.6x,1.8x,6.7x,45.1,42.9,12.9%,150.5%
155,Insolation Energy,SME,254.0,5596.7,10 Oct `22,22.2 Cr,₹ 36,-,150.0x,235.4x,192.7x,76.1,79.9,111.4%,6955.6%
156,Steelman Telecom,SME,139.8,135.3,10 Oct `22,26.0 Cr,₹ 96,7.8x,70.1x,22.8x,22.4x,161.0,169.1,67.7%,45.6%
157,Trident Lifeline,SME,270.0,310.5,10 Oct `22,35.3 Cr,₹ 101,-,1.7x,1.0x,1.3x,105.0,108.2,4.0%,167.3%
158,Cyber Media Research,SME,89.5,26.2,10 Oct `22,14.0 Cr,₹ 171,6.3x,62.6x,27.8x,22.3x,245.3,257.5,43.4%,-47.6%
159,Concord Control ,SME,1700.0,1016.9,10 Oct `22,8.3 Cr,₹ 53,15.2x,307.4x,423.7x,202.2x,110.0,115.4,107.5%,3107.6%
160,Cargotrans Maritime,SME,96.0,44.9,10 Oct `22,4.9 Cr,₹ 45,-,129.6x,166.6x,148.1x,70.0,73.5,55.6%,113.3%
161,Reetech International,SME,39.1,16.5,10 Oct `22,11.7 Cr,₹ 105,-,1.4x,1.9x,1.7x,82.0,83.6,-21.9%,-62.7%
162,Silicon Rental Solutions,SME,185.5,211.8,10 Oct `22,21.1 Cr,₹ 78,-,2.9x,2.9x,2.9x,80.0,84.0,2.6%,137.8%
163,Cargosol Logistics,SME,18.8,19.2,10 Oct `22,7.6 Cr,₹ 28,-,84.6x,26.0x,55.3x,42.4,44.5,51.4%,-32.8%
164,Containe Tech,SME,47.0,29.3,30 Sep `22,2.6 Cr,₹ 15,-,154.1x,76.2x,115.7x,22.0,23.1,46.7%,213.2%
165,Maks Energy Solutions,SME,35.1,24.3,28 Sep `22,4.0 Cr,₹ 20,-,36.2x,16.4x,26.3x,20.0,21.0,0.0%,75.5%
166,Kandarp Digi Smart ,SME,85.4,76.6,28 Sep `22,8.1 Cr,₹ 30,-,0.9x,2.8x,1.8x,30.0,28.5,0.0%,184.7%
167,Annapurna Swadisht,SME,276.9,604.2,27 Sep `22,30.3 Cr,₹ 68,18.3x,301.1x,225.5x,133.4x,120.0,126.0,76.5%,307.2%
168,Varanium Cloud,SME,4.1,17.3,27 Sep `22,36.6 Cr,₹ 122,-,5.8x,5.1x,5.5x,131.0,128.6,7.4%,-86.6%
169,Ishan International,SME,1.0,21.6,22 Sep `22,18.2 Cr,₹ 80,-,1.6x,1.6x,1.6x,82.0,82.8,2.5%,-62.5%
170,Tapi Fruit Processing,SME,72.8,31.1,22 Sep `22,5.2 Cr,₹ 48,-,1.9x,3.3x,2.6x,52.1,54.7,8.5%,51.8%
171,Sabar Flex,SME,5.5,9.5,21 Sep `22,4.5 Cr,₹ 11,-,116.5x,54.3x,85.4x,21.0,22.1,90.9%,-50.5%
172,Mega Flex Plastics,SME,55.0,61.1,19 Sep `22,11.4 Cr,₹ 40,-,52.8x,39.0x,45.9x,54.0,56.7,35.0%,37.6%
173,Shantidoot Infra Serv,SME,205.5,36.9,19 Sep `22,4.0 Cr,₹ 81,-,2.4x,3.3x,2.9x,105.0,110.3,29.6%,153.7%
174,Viviana Power Tech,SME,1155.0,724.9,16 Sep `22,8.8 Cr,₹ 55,-,97.5x,72.8x,85.1x,90.0,94.5,63.6%,2000.0%
175,Virtuoso Optoelectronics,SME,485.0,1430.2,15 Sep `22,30.2 Cr,₹ 56,-,112.9x,80.8x,96.8x,117.0,115.4,108.9%,766.1%
176,EP Biocomposites,SME,105.0,17.7,13 Sep `22,6.3 Cr,₹ 126,-,21.6x,15.4x,18.5x,160.3,168.3,27.2%,-16.7%
177,JFL Life Sciences,SME,17.6,58.1,08 Sep `22,18.2 Cr,₹ 61,-,6.2x,11.7x,8.9x,70.0,66.5,14.8%,-71.2%
178,Jay Jalaram Tech,SME,137.1,162.8,08 Sep `22,10.8 Cr,₹ 36,-,18.6x,11.4x,15.0x,50.0,52.5,38.9%,280.8%
179,Dipna Pharmachem,SME,24.1,58.1,08 Sep `22,15.2 Cr,₹ 38,-,0.8x,4.8x,2.8x,32.0,33.4,-15.8%,-36.5%
180,Ameya Precision Engineers,SME,114.5,85.9,08 Sep `22,7.1 Cr,₹ 34,-,259.2x,243.5x,251.3x,68.4,65.4,101.2%,236.8%
181,Rhetan TMT,SME,19.0,1513.3,05 Sep `22,56.0 Cr,₹ 70,-,2.2x,0.8x,1.5x,70.0,66.5,0.0%,915.5%
182,Naturo bull,SME,3.8,7.2,02 Sep `22,10.9 Cr,₹ 30,-,8.4x,32.1x,20.3x,25.0,26.3,-16.7%,-87.2%
183,Olatech Solutions,SME,219.6,97.7,29 Aug `22,1.9 Cr,₹ 27,-,517.7x,679.9x,598.8x,51.3,53.9,90.0%,1405.1%
184,Veekayem Fashion ,SME,243.8,143.2,22 Aug `22,4.4 Cr,₹ 28,-,355.9x,247.1x,301.5x,49.9,50.0,78.2%,770.5%
185,Upsurge Seeds,SME,162.0,114.4,11 Aug `22,22.8 Cr,₹ 120,-,101.7x,59.3x,80.5x,140.0,147.0,16.7%,35.0%
186,Agni Green Power,SME,27.9,54.5,01 Aug `22,5.3 Cr,₹ 10,-,107.4x,39.9x,73.7x,25.0,26.3,150.0%,179.0%
187,Healthy Life Agritec,SME,69.0,171.2,26 Jul `22,10.0 Cr,₹ 10,-,5.2x,11.2x,8.2x,8.9,9.3,-11.0%,590.0%
188,SKP Bearing ,SME,217.1,360.3,13 Jul `22,30.8 Cr,₹ 70,-,10.2x,9.9x,10.1x,73.0,72.5,4.3%,210.1%
189,Jayant Infratech,SME,86.5,87.9,13 Jul `22,6.2 Cr,₹ 67,-,4.2x,3.8x,4.0x,76.0,79.8,13.4%,287.6%
190,B-Right Realestate,SME,347.0,358.5,13 Jul `22,44.4 Cr,₹ 153,-,1.8x,0.6x,1.2x,155.0,147.3,1.3%,126.8%
191,Mangalam Drugs ,SME,87.6,138.7,12 Jul `22,65.6 Cr,₹ 101,-,2.2x,0.5x,1.3x,150.0,151.7,48.5%,-13.3%
192,Kesar,SME,620.0,1532.2,12 Jul `22,15.8 Cr,₹ 170,-,2.6x,0.9x,1.8x,172.5,174.0,1.5%,2452.5%
193,KCK Industries,SME,43.5,276.7,08 Jul `22,4.5 Cr,₹ 30,-,3.0x,8.8x,5.9x,25.0,26.3,-16.7%,625.0%
194,Sailani Travels,SME,13.7,6.4,08 Jul `22,1.9 Cr,₹ 15,-,1.9x,4.6x,3.2x,15.5,16.3,3.3%,-8.8%
195,Pearl Green Clubs,SME,103.9,27.8,07 Jul `22,11.7 Cr,₹ 186,-,1.8x,1.4x,1.6x,189.1,198.5,1.6%,-44.1%
196,Modis Navnirman,SME,270.5,529.9,06 Jul `22,22.7 Cr,₹ 180,-,2.8x,1.2x,2.0x,189.0,188.9,5.0%,501.1%
197,Goel Food Products,SME,19.2,36.2,28 Jun `22,7.2 Cr,₹ 72,-,1.2x,2.1x,1.6x,75.0,78.8,4.2%,33.5%
198,Scarnose Intl,SME,86.5,27.2,27 Jun `22,6.6 Cr,₹ 55,-,2.1x,2.3x,2.2x,55.5,56.0,0.9%,57.3%
199,Silver Pearl Hospitality,SME,8.8,6.9,17 Jun `22,9.0 Cr,₹ 18,-,0.8x,2.6x,1.7x,16.0,15.2,-11.1%,-50.9%
200,Rachana Infra,SME,41.0,76.3,13 Jun `22,76.3 Cr,₹ 135,-,1.8x,0.6x,1.2x,138.7,139.1,2.7%,-69.6%
201,Fidel Softech,SME,182.8,251.4,10 Jun `22,13.5 Cr,₹ 37,-,138.3x,67.4x,102.9x,59.1,62.0,59.7%,394.1%
202,Globesecure Tech,SME,13.8,22.0,02 Jun `22,10.1 Cr,₹ 29,-,23.7x,4.6x,14.2x,36.5,37.1,25.9%,-52.4%
203,Sonu Infratech,SME,123.9,128.2,17 May `22,8.6 Cr,₹ 36,-,13.4x,19.6x,16.5x,36.0,37.6,0.0%,244.2%
204,Fone4 Communications,SME,6.8,16.8,06 May `22,6.8 Cr,₹ 10,-,7.4x,22.1x,14.8x,10.0,9.5,0.0%,-32.5%
205,Nanavati Ventures,SME,101.0,47.2,06 May `22,2.2 Cr,₹ 50.02,-,13.9x,51.2x,32.5x,50.0,50.3,-0.0%,101.9%
206,Jeena Sikho Lifecare,SME,538.0,6686.8,19 Apr `22,55.5 Cr,₹ 150,-,2.8x,1.7x,2.3x,165.1,173.3,10.1%,3127.1%
207,Eighty Jewellers,SME,45.0,45.9,13 Apr `22,11.1 Cr,₹ 41,-,2.9x,2.0x,2.5x,42.0,44.1,2.4%,9.8%
208,Sunrise Efficient ,SME,201.8,302.6,12 Apr `22,16.7 Cr,₹ 121,-,1.8x,1.1x,1.5x,121.3,124.8,0.2%,400.3%
209,Dhyaani Tradeventures,SME,13.4,22.9,12 Apr `22,2.5 Cr,₹ 51,-,2.0x,2.4x,2.2x,52.3,54.8,2.5%,-26.1%
210,Krishna Defence & Allied,SME,902.1,1268.3,06 Apr `22,11.9 Cr,₹ 39,8.8x,159.9x,132.3x,74.8x,75.0,78.8,92.3%,2213.1%
211,P E Analytics,SME,205.0,214.9,04 Apr `22,31.6 Cr,₹ 114,13.2x,126.4x,59.2x,46.3x,170.0,168.5,49.1%,79.8%
212,Krishival Foods,SME,379.0,845.0,31 Mar `22,19.4 Cr,₹ 37,-,2.9x,1.6x,2.3x,42.0,44.1,13.5%,924.3%
213,Evoq Remedies,SME,5.0,12.5,30 Mar `22,9.7 Cr,₹ 27,-,0.3x,3.0x,1.7x,25.0,23.8,-7.4%,-81.3%
214,Achyut Healthcare,SME,3.5,83.6,30 Mar `22,3.6 Cr,₹ 20,-,1.9x,6.8x,4.3x,20.1,21.1,0.8%,273.7%
215,KN Agri Resources,SME,210.0,525.0,28 Mar `22,49.4 Cr,₹ 75,10.7x,771.6x,87.5x,151.9x,153.7,146.0,104.9%,180.0%
216,Swaraj Suiting,SME,192.8,424.4,28 Mar `22,10.7 Cr,₹ 56,-,13.8x,10.5x,12.1x,56.0,53.2,0.0%,588.4%
217,Cool Caps Industries,SME,96.5,1116.1,24 Mar `22,11.6 Cr,₹ 38,-,4.6x,11.3x,7.9x,35.9,37.6,-5.5%,2440.8%
218,Bhatia Colour Chem,SME,327.0,462.4,24 Mar `22,40.0 Cr,₹ 80,-,2.7x,0.2x,1.4x,40.0,42.0,-50.0%,308.8%
219,SP Refractories,SME,142.0,25.4,22 Mar `22,4.9 Cr,₹ 90,-,5.6x,8.8x,7.2x,90.2,90.1,0.2%,57.8%
220,Shigan Quantum Tech,SME,82.8,157.8,11 Mar `22,22.7 Cr,₹ 50,-,27.7x,8.2x,17.9x,61.0,64.0,22.0%,65.6%
221,Ekennis Software,SME,60.0,8.4,07 Mar `22,2.9 Cr,₹ 72,-,37.0x,19.0x,28.0x,80.0,84.0,11.1%,-16.7%
222,Vaidya Sane Ayurved,SME,167.8,176.4,23 Feb `22,20.2 Cr,₹ 73,-,2.7x,3.0x,2.8x,102.0,105.4,39.7%,129.9%
223,Richa Info Systems,SME,76.0,78.5,21 Feb `22,10.0 Cr,₹ 125,-,3.2x,6.9x,5.0x,125.0,118.8,0.0%,-39.2%
224,Maruti Interior Products,SME,107.0,161.6,16 Feb `22,11.0 Cr,₹ 55,-,107.0x,39.8x,73.4x,68.5,71.9,24.6%,289.1%
225,Safa Systems & Tech,SME,41.9,104.7,09 Feb `22,4.0 Cr,₹ 10,-,64.6x,40.8x,52.7x,16.6,15.7,65.5%,319.0%
226,Quality RO Industries,SME,142.5,36.3,09 Feb `22,2.7 Cr,₹ 51,-,4.5x,10.1x,7.3x,52.3,53.7,2.5%,179.4%
227,Alkosign,SME,109.3,78.7,01 Feb `22,12.2 Cr,₹ 45,-,3.1x,6.4x,4.8x,45.3,45.3,0.6%,143.0%
228,Precision Metaliks,SME,22.1,50.6,01 Feb `22,21.9 Cr,₹ 51,-,2.8x,11.9x,7.4x,75.0,71.3,47.1%,-56.8%
229,Fabino Enterprises,SME,28.1,5.9,13 Jan `22,3.2 Cr,₹ 36,-,3.5x,10.4x,6.9x,39.5,40.4,9.7%,-21.9%
230,Timescan Logistics,SME,63.0,44.0,12 Jan `22,4.8 Cr,₹ 51,-,141.4x,90.3x,115.9x,82.0,86.1,60.8%,147.1%
231,Ascensive Educare,SME,17.1,69.9,12 Jan `22,2.3 Cr,₹ 26,-,1.2x,4.1x,2.7x,31.6,28.9,21.4%,557.7%
232,AB Cotspin,SME,424.0,696.2,11 Jan `22,10.1 Cr,₹ 35,-,9.4x,17.5x,13.5x,38.5,40.4,10.0%,1111.4%
233,Trident Techlabs,SME,510.0,881.3,29 Dec `23,16.0 Cr,₹ 35,41.4x,825.8x,1023.1x,502.6x,98.2,103.0,180.4%,1357.1%
234,Indifra,SME,21.1,15.4,29 Dec `23,14.0 Cr,₹ 65,-,2.3x,11.5x,6.9x,72.0,68.4,10.8%,-67.5%
235,Supreme Power Equipment,SME,223.7,559.1,29 Dec `23,46.7 Cr,₹ 65,-,159.3x,161.2x,160.3x,98.0,102.9,50.8%,244.2%
236,Electro Force,SME,53.0,124.0,27 Dec `23,80.7 Cr,₹ 93,-,2.1x,6.1x,4.1x,100.0,105.0,7.5%,-43.0%
237,Shanti Spintex,SME,68.0,114.8,27 Dec `23,31.3 Cr,₹ 70,14.3x,42.6x,22.0x,25.5x,76.0,79.8,8.6%,-2.9%
238,Sahara Maritime,SME,40.8,12.5,26 Dec `23,6.9 Cr,₹ 81,-,8.6x,34.5x,21.6x,81.0,81.2,0.0%,-49.6%
239,Shree OSFM E-Mobility,SME,107.5,165.6,21 Dec `23,24.6 Cr,₹ 65,-,6.6x,8.8x,7.7x,65.0,68.3,0.0%,65.4%
240,Benchmark Computer ,SME,27.0,18.5,21 Dec `23,12.2 Cr,₹ 66,-,179.9x,279.5x,229.7x,80.0,77.1,21.2%,-59.1%
241,Siyaram Recycling ,SME,144.4,314.7,21 Dec `23,23.0 Cr,₹ 46,96.4x,441.6x,459.1x,358.1x,55.0,57.8,19.6%,214.0%
242,S J Logistics,SME,465.6,712.0,19 Dec `23,48.0 Cr,₹ 125,61.7x,651.2x,473.1x,294.1x,175.0,183.8,40.0%,272.4%
243,Presstonic Engg,SME,95.2,73.3,18 Dec `23,23.3 Cr,₹ 72,-,127.0x,179.3x,153.2x,140.0,147.0,94.4%,32.1%
244,Accent Microcell,SME,271.5,651.3,15 Dec `23,78.4 Cr,₹ 140,63.0x,766.7x,544.7x,337.1x,300.0,315.0,114.3%,93.9%
245,Graphisads,SME,40.5,74.1,13 Dec `23,53.4 Cr,₹ 111,-,2.0x,5.3x,3.6x,111.5,106.0,0.5%,-63.5%
246,Sheetal Universal,SME,126.8,145.3,11 Dec `23,23.8 Cr,₹ 70,-,201.9x,123.2x,162.5x,75.0,75.4,7.1%,81.1%
247,Net Avenue Tech,SME,6.8,14.5,08 Dec `23,10.3 Cr,₹ 18,32.8x,822.1x,958.5x,475.2x,42.0,39.9,133.3%,-62.5%
248,Marinetrans,SME,16.9,21.6,08 Dec `23,10.9 Cr,₹ 26,-,17.2x,44.8x,31.0x,30.0,31.0,15.4%,-34.8%
249,Deepak Chemtex,SME,155.0,168.4,06 Dec `23,23.0 Cr,₹ 80,96.8x,473.2x,475.4x,374.3x,152.0,159.6,90.0%,93.8%
250,AMIC Forging,SME,1665.0,1746.3,06 Dec `23,34.8 Cr,₹ 126,91.4x,435.9x,273.0x,268.8x,239.4,251.3,90.0%,1221.4%
251,Swashthik Plascon,SME,40.5,78.8,05 Dec `23,40.8 Cr,₹ 86,3.4x,26.7x,13.6x,14.4x,120.1,126.1,39.6%,-52.9%
252,Rockingdeals Circular,SME,185.8,105.1,30 Nov `23,21.0 Cr,₹ 140,17.7x,438.7x,195.2x,143.0x,300.0,315.0,114.3%,32.7%
253,Arrowhead Seperation,SME,71.6,13.4,28 Nov `23,13.0 Cr,₹ 233,-,44.9x,134.6x,89.8x,250.0,237.5,7.3%,-69.3%
254,Sunrest Lifescience,SME,52.0,22.3,20 Nov `23,10.8 Cr,₹ 84,-,27.8x,62.4x,45.1x,84.0,79.8,0.0%,-38.1%
255,Kalyani Cast-Tech,SME,539.7,387.5,17 Nov `23,30.1 Cr,₹ 139,66.3x,188.6x,190.9x,162.4x,264.1,277.3,90.0%,288.3%
256,ROX Hi-Tech,SME,45.0,102.8,16 Nov `23,54.5 Cr,₹ 83,44.8x,440.4x,256.3x,178.2x,135.0,141.8,62.6%,-45.8%
257,Baba Food Processing,SME,38.0,62.0,15 Nov `23,33.0 Cr,₹ 76,135.9x,34.0x,137.4x,66.0x,76.0,72.2,0.0%,-50.0%
258,Micropro Software ,SME,23.3,33.2,10 Nov `23,30.7 Cr,₹ 81,-,21.6x,46.6x,34.1x,80.0,76.0,-1.2%,-71.3%
259,Maitreya Medicare,SME,259.2,175.6,07 Nov `23,14.9 Cr,₹ 82,42.6x,1021.4x,673.1x,410.1x,162.6,154.4,98.2%,216.1%
260,Mish Designs,SME,60.0,18.4,07 Nov `23,9.8 Cr,₹ 122,-,94.2x,150.5x,122.3x,160.0,152.0,31.1%,-50.8%
261,KK Shah Hospitals,SME,43.0,29.3,06 Nov `23,8.8 Cr,₹ 45,-,16.9x,8.9x,12.9x,56.1,58.9,24.7%,-4.5%
262,Transteel Seating,SME,132.0,266.4,06 Nov `23,50.0 Cr,₹ 70,4.6x,111.5x,35.9x,31.6x,88.9,93.3,27.0%,88.6%
263,Vrundavan Plantation,SME,50.1,26.7,06 Nov `23,15.3 Cr,₹ 108,-,11.1x,24.2x,17.7x,107.0,101.7,-0.9%,-53.6%
264,Paragon Fine & Speciality,SME,66.0,129.1,03 Nov `23,51.7 Cr,₹ 100,43.2x,557.0x,245.9x,191.3x,225.0,213.8,125.0%,-34.0%
265,Shanthala FMCG ,SME,28.0,18.8,03 Nov `23,16.1 Cr,₹ 91,-,4.6x,2.9x,3.8x,108.0,103.5,18.7%,-69.2%
266,On Door Concepts,SME,153.3,86.6,01 Nov `23,31.2 Cr,₹ 208,-,3.1x,7.4x,5.3x,214.0,203.4,2.9%,-26.3%
267,Rajgor Castor Derivatives,SME,20.8,49.7,31 Oct `23,47.8 Cr,₹ 50,17.9x,345.2x,105.8x,97.7x,59.0,61.1,18.0%,-58.4%
268,Womancart,SME,225.0,136.0,27 Oct `23,9.6 Cr,₹ 86,-,53.6x,68.3x,60.9x,117.0,122.8,36.0%,161.6%
269,Arvind and Company ,SME,63.0,112.1,25 Oct `23,14.7 Cr,₹ 45,-,413.8x,305.5x,359.6x,80.0,80.0,77.8%,40.0%
270,Committed Cargo Care,SME,234.6,267.0,18 Oct `23,24.9 Cr,₹ 77,-,89.5x,74.7x,82.1x,82.0,86.1,6.5%,204.6%
271,Plada Infotech ,SME,18.0,15.4,13 Oct `23,12.4 Cr,₹ 48,-,37.9x,70.1x,54.0x,59.0,56.0,22.9%,-62.5%
272,Vivaa Tradecom,SME,47.3,18.6,12 Oct `23,8.0 Cr,₹ 51,-,0.8x,2.7x,1.8x,40.8,42.5,-20.0%,-7.3%
273,Sharp Chucks & Machines,SME,80.0,92.1,12 Oct `23,16.8 Cr,₹ 58,-,36.9x,60.5x,48.7x,66.0,65.0,13.8%,38.0%
274,Karnika Industries,SME,633.0,784.9,12 Oct `23,25.1 Cr,₹ 76,-,3.2x,2.8x,3.0x,81.0,82.6,6.6%,732.9%
275,Sunita Tools,SME,847.0,517.5,11 Oct `23,22.0 Cr,₹ 145,-,5.2x,20.0x,12.6x,155.0,147.3,6.9%,484.1%
276,Goyal Salt,SME,156.9,280.9,11 Oct `23,18.6 Cr,₹ 38,33.1x,518.9x,493.4x,267.1x,130.0,136.1,242.1%,313.0%
277,Oneclick Logistics,SME,205.3,74.0,11 Oct `23,9.9 Cr,₹ 99,-,132.2x,212.4x,172.3x,140.0,133.0,41.4%,107.4%
278,Canarys Automations,SME,33.9,193.9,11 Oct `23,47.0 Cr,₹ 31,1.3x,22.3x,14.1x,8.9x,43.5,41.3,40.2%,9.3%
279,City Crops Agro,SME,19.0,31.0,10 Oct `23,15.0 Cr,₹ 25,-,2.1x,4.5x,3.3x,25.5,25.4,2.0%,-24.0%
280,Kontor Space,SME,80.0,49.4,10 Oct `23,15.6 Cr,₹ 93,-,39.8x,90.6x,65.2x,122.0,115.9,31.2%,-14.0%
281,Vishnusurya Projects,SME,181.5,446.7,10 Oct `23,50.0 Cr,₹ 68,-,34.6x,41.4x,38.0x,73.0,76.7,7.3%,166.9%
282,Arabian Petroleum,SME,85.0,92.6,09 Oct `23,20.2 Cr,₹ 70,-,15.0x,22.0x,18.5x,77.4,76.3,10.6%,21.4%
283,E Factor Experiences,SME,234.1,306.3,09 Oct `23,25.9 Cr,₹ 75,24.5x,224.1x,63.4x,68.0x,115.0,120.8,53.3%,212.1%
284,Organic Recycling,SME,314.0,241.8,06 Oct `23,50.0 Cr,₹ 200,-,4.2x,2.1x,3.1x,215.0,225.8,7.5%,57.0%
285,Vinyas Innovative,SME,1299.0,1634.8,06 Oct `23,54.7 Cr,₹ 165,22.7x,126.8x,28.3x,40.3x,330.0,346.5,100.0%,687.3%
286,Inspire Films,SME,20.3,27.6,05 Oct `23,21.2 Cr,₹ 59,13.4x,196.2x,239.7x,120.0x,67.0,67.8,13.6%,-65.7%
287,Newjaisa Tech,SME,36.4,128.5,05 Oct `23,39.9 Cr,₹ 47,0.5x,20.9x,8.7x,6.4x,71.0,70.8,51.1%,-22.7%
288,Mangalam Alloys,SME,77.3,190.9,04 Oct `23,54.9 Cr,₹ 80,-,2.4x,8.3x,5.3x,80.0,76.0,0.0%,-3.3%
289,Digikore Studios,SME,196.0,124.1,04 Oct `23,30.5 Cr,₹ 171,32.4x,448.2x,456.3x,243.1x,270.0,283.5,57.9%,14.6%
290,Saakshi Medtech,SME,214.0,377.8,03 Oct `23,45.2 Cr,₹ 97,19.8x,267.1x,100.8x,85.3x,146.0,153.3,50.5%,120.6%
291,Master Components,SME,369.0,147.6,29 Sep `23,15.4 Cr,₹ 140,-,5.7x,9.6x,7.6x,140.4,140.2,0.3%,163.6%
292,Cellecor Gadgets,SME,36.5,764.3,28 Sep `23,50.8 Cr,₹ 92,-,101.2x,115.4x,108.3x,92.0,96.6,0.0%,296.2%
293,Hi-Green Carbon,SME,205.7,513.9,28 Sep `23,52.8 Cr,₹ 75,36.6x,310.7x,257.1x,154.9x,77.0,80.8,2.7%,174.2%
294,Marco Cables & Conductors,SME,43.3,81.0,28 Sep `23,18.7 Cr,₹ 36,-,23.1x,33.3x,28.2x,38.7,40.6,7.5%,20.3%
295,Kody Technolab,SME,753.0,959.9,27 Sep `23,27.5 Cr,₹ 160,-,39.2x,50.9x,45.0x,170.0,178.5,6.3%,841.3%
296,Techknowgreen ,SME,176.2,130.1,27 Sep `23,16.7 Cr,₹ 86,-,9.7x,15.0x,12.4x,87.0,91.3,1.2%,104.9%
297,Kundan Edifice,SME,121.0,124.3,26 Sep `23,25.2 Cr,₹ 91,-,34.0x,41.9x,37.9x,75.0,78.8,-17.6%,33.0%
298,Madhusudan Masala,SME,147.1,212.9,26 Sep `23,23.8 Cr,₹ 70,46.1x,764.7x,786.2x,412.9x,120.0,114.0,71.4%,110.1%
299,Chavda Infra,SME,130.0,320.5,25 Sep `23,43.3 Cr,₹ 65,50.5x,321.7x,268.3x,167.4x,91.0,86.5,40.0%,100.0%
300,Holmarc Opto-Mechatronics,SME,129.3,130.0,25 Sep `23,11.4 Cr,₹ 40,-,88.7x,72.0x,80.3x,65.3,68.5,63.1%,223.4%
301,Unihealth Consultancy,SME,171.0,263.3,21 Sep `23,56.5 Cr,₹ 132,7.9x,50.4x,32.7x,23.0x,135.0,133.0,2.3%,29.6%
302,Meson Valves,SME,370.0,375.9,21 Sep `23,31.1 Cr,₹ 102,-,137.0x,192.6x,164.8x,193.8,203.4,90.0%,262.8%
303,Jiwanram Sheoduttrai,SME,9.3,22.9,18 Sep `23,17.1 Cr,₹ 23,-,66.3x,144.0x,105.2x,30.0,28.5,30.4%,-59.8%
304,Kahan Packaging,SME,60.0,16.3,15 Sep `23,5.8 Cr,₹ 80,-,393.1x,986.8x,689.9x,152.0,159.6,90.0%,-25.0%
305,Saroja Pharma,SME,36.0,14.5,13 Sep `23,9.1 Cr,₹ 84,-,2.9x,14.1x,8.5x,65.0,68.3,-22.6%,-57.1%
306,Pramara Promotions,SME,188.0,217.5,13 Sep `23,15.3 Cr,₹ 63,-,32.4x,16.3x,24.3x,111.0,116.5,76.2%,198.4%
307,Basilic Fly Studio,SME,420.0,976.1,11 Sep `23,66.3 Cr,₹ 97,53.1x,628.4x,473.8x,286.6x,271.0,284.6,179.4%,333.0%
308,Mono Pharmacare,SME,25.6,45.3,07 Sep `23,14.8 Cr,₹ 28,10.3x,7.7x,18.4x,12.8x,29.0,30.4,3.6%,-8.4%
309,CPS Shapers,SME,764.0,168.9,07 Sep `23,11.1 Cr,₹ 185,-,188.0x,285.4x,236.7x,450.0,472.5,143.2%,313.0%
310,Sahaj Fashions,SME,10.2,13.4,06 Sep `23,14.0 Cr,₹ 30,-,3.7x,11.1x,7.4x,31.0,30.4,3.3%,-66.2%
311,Sungarner Energies,SME,272.0,63.1,31 Aug `23,5.3 Cr,₹ 83,-,100.8x,175.5x,138.2x,250.0,262.4,201.2%,227.7%
312,Bondada Engineering,SME,433.0,4832.0,30 Aug `23,42.7 Cr,₹ 75,8.6x,365.7x,135.5x,106.6x,142.5,149.6,90.0%,2786.7%
313,Crop Life Science,SME,52.9,90.7,30 Aug `23,26.7 Cr,₹ 52,-,1.6x,6.8x,4.2x,56.0,53.1,7.6%,1.7%
314,Shoora Designs,SME,73.8,11.1,29 Aug `23,2.0 Cr,₹ 48,-,33.2x,87.7x,60.4x,91.2,95.8,90.0%,53.8%
315,Shelter Pharma,SME,42.0,48.6,23 Aug `23,16.0 Cr,₹ 42,-,6.4x,21.2x,13.8x,40.0,42.0,-4.8%,0.0%
316,Srivari Spices & Foods,SME,154.3,132.2,18 Aug `23,9.0 Cr,₹ 42,42.0x,1044.5x,687.9x,418.4x,101.5,106.5,141.7%,267.4%
317,Yudiz Solutions,SME,31.4,32.5,17 Aug `23,44.8 Cr,₹ 165,1.5x,6.8x,8.5x,4.8x,185.0,181.4,12.1%,-80.9%
318,Sangani Hospitals,SME,71.4,98.4,17 Aug `23,15.2 Cr,₹ 40,10.8x,1.4x,5.9x,4.4x,44.0,41.9,10.0%,78.5%
319,Oriana Power,SME,2128.0,4323.9,11 Aug `23,59.7 Cr,₹ 118,27.4x,239.3x,193.7x,117.4x,302.0,317.1,155.9%,1703.4%
320,Vinsys IT Services,SME,379.9,557.7,11 Aug `23,49.8 Cr,₹ 128,14.0x,101.0x,106.0x,59.3x,207.3,217.6,61.9%,196.8%
321,Zeal Global Services,SME,132.3,176.1,09 Aug `23,36.5 Cr,₹ 103,-,4.2x,3.6x,3.9x,147.0,154.3,42.7%,28.4%
322,Khazanchi Jewellers,SME,572.0,1415.5,07 Aug `23,96.7 Cr,₹ 140,-,1.8x,0.7x,1.3x,142.3,149.4,1.6%,308.6%
323,Shri Techtex,SME,89.5,223.4,04 Aug `23,45.1 Cr,₹ 61,30.9x,333.4x,207.5x,138.1x,81.2,85.2,33.0%,46.8%
324,Innovatus Entertainment,SME,14.2,5.6,04 Aug `23,7.7 Cr,₹ 50,-,57.0x,142.9x,100.0x,50.0,49.0,0.0%,-71.7%
325,Yasons Chemex Care,SME,12.7,24.5,03 Aug `23,20.6 Cr,₹ 40,-,45.3x,65.2x,55.2x,32.0,33.6,-20.0%,-68.3%
326,Service Care,SME,56.0,64.4,26 Jul `23,20.7 Cr,₹ 67,1.0x,7.9x,12.9x,6.2x,70.9,67.5,5.8%,-16.4%
327,Asarfi Hospital,SME,140.9,277.3,26 Jul `23,26.9 Cr,₹ 52,50.6x,334.2x,167.8x,181.5x,98.8,103.7,90.0%,171.0%
328,Drone Destination,SME,108.4,264.5,21 Jul `23,44.2 Cr,₹ 65,18.7x,226.4x,231.7x,124.4x,107.5,102.1,65.3%,66.8%
329,Ahasolar Tech,SME,106.5,32.8,21 Jul `23,12.8 Cr,₹ 157,-,22.3x,43.8x,33.0x,203.0,213.2,29.3%,-32.1%
330,AccelerateBS,SME,93.1,32.0,19 Jul `23,5.7 Cr,₹ 90,-,37.3x,56.0x,46.6x,109.5,115.0,21.7%,65.5%
331,Kaka Industries,SME,200.9,274.4,19 Jul `23,21.2 Cr,₹ 58,72.1x,316.0x,358.9x,271.3x,110.2,115.7,90.0%,246.4%
332,Alphalogic ,SME,119.7,122.0,14 Jul `23,12.9 Cr,₹ 96,-,-,5.1x,4.6x,96.0,96.3,0.0%,149.4%
333,Tridhya Tech,SME,17.5,40.8,13 Jul `23,26.4 Cr,₹ 42,10.0x,224.3x,83.2x,67.8x,42.0,44.1,0.0%,-58.3%
334,Synoptics Tech,SME,91.3,77.5,13 Jul `23,54.0 Cr,₹ 237,-,2.6x,2.4x,2.5x,238.0,226.1,0.4%,-61.5%
335,Global Pet ,SME,133.3,157.2,11 Jul `23,13.2 Cr,₹ 49,-,4.3x,3.9x,4.1x,51.7,55.4,5.5%,172.1%
336,Pentagon Rubber,SME,61.3,47.2,10 Jul `23,16.2 Cr,₹ 70,14.6x,204.4x,173.8x,98.8x,117.3,117.3,67.6%,-12.5%
337,Essen Speciality ,SME,444.0,1102.9,06 Jul `23,66.3 Cr,₹ 107,24.0x,149.7x,90.4x,66.1x,140.0,147.0,30.8%,397.9%
338,Greenchef Appliances,SME,61.3,142.7,06 Jul `23,53.6 Cr,₹ 87,22.7x,127.9x,83.1x,59.6x,104.0,109.2,19.5%,-29.5%
339,Magson Retail ,SME,136.5,133.4,06 Jul `23,13.7 Cr,₹ 65,-,5.9x,7.0x,6.5x,91.2,95.7,40.2%,110.0%
340,Veefin Solutions,SME,338.1,810.7,05 Jul `23,46.7 Cr,₹ 82,-,3.2x,1.6x,2.4x,86.0,90.2,4.9%,312.4%
341,Cosmic CRF,SME,1539.0,1414.0,30 Jun `23,60.1 Cr,₹ 330,3.6x,2.8x,0.6x,1.1x,251.2,238.7,-23.9%,366.4%
342,Vilin Bio Med,SME,26.2,36.5,30 Jun `23,12.0 Cr,₹ 30,-,1.3x,4.1x,2.7x,30.0,28.5,0.0%,-12.7%
343,Aatmaj Healthcare,SME,19.0,42.9,30 Jun `23,38.4 Cr,₹ 60,-,35.0x,28.8x,31.9x,56.0,53.2,-6.7%,-68.3%
344,Cell Point,SME,19.6,36.6,28 Jun `23,50.3 Cr,₹ 100,-,4.0x,7.5x,5.8x,100.0,95.0,0.0%,-80.4%
345,Bizotic Commercial,SME,200.0,160.8,23 Jun `23,42.2 Cr,₹ 175,-,2.0x,1.6x,1.8x,180.0,171.0,2.9%,14.3%
346,Spectrum Talent ,SME,124.0,286.4,22 Jun `23,105.1 Cr,₹ 173,2.1x,33.6x,16.0x,11.7x,155.0,147.3,-10.4%,-28.3%
347,Urban Enviro Waste,SME,151.8,131.5,22 Jun `23,11.4 Cr,₹ 100,-,275.8x,209.5x,242.7x,141.0,148.1,41.0%,203.6%
348,Sonalis Consumer Products,SME,77.1,36.6,19 Jun `23,2.8 Cr,₹ 30,-,36.4x,45.9x,41.1x,38.0,39.9,26.7%,156.9%
349,Kore Digital,SME,318.8,383.3,14 Jun `23,18.0 Cr,₹ 180,-,47.4x,31.5x,39.5x,201.0,190.9,11.7%,431.3%
350,Comrade Appliances,SME,81.8,63.6,13 Jun `23,12.3 Cr,₹ 54,21.9x,120.8x,72.1x,71.9x,87.0,91.3,61.1%,51.4%
351,CFF Fluid Control,SME,698.7,1360.7,12 Jun `23,85.8 Cr,₹ 165,-,2.6x,1.5x,2.0x,175.0,183.8,6.1%,323.4%
352,Sahana System,SME,1300.0,1142.1,12 Jun `23,32.7 Cr,₹ 135,9.2x,6.8x,12.3x,9.5x,163.0,171.2,20.7%,863.0%
353,Infollion Research ,SME,466.9,452.5,08 Jun `23,21.4 Cr,₹ 82,36.1x,800.4x,345.5x,259.1x,209.0,198.6,154.9%,469.4%
354,Proventus Agrocom,SME,1049.0,361.6,05 Jun `23,69.5 Cr,₹ 771,-,4.5x,0.7x,2.6x,821.0,862.0,6.5%,36.1%
355,Hemant Surgical ,SME,93.2,97.3,05 Jun `23,24.8 Cr,₹ 90,41.0x,203.3x,158.7x,139.7x,171.0,179.6,90.0%,3.6%
356,Crayons Advertising,SME,52.5,128.3,02 Jun `23,41.8 Cr,₹ 65,24.0x,308.6x,225.7x,137.3x,90.0,94.5,38.5%,-19.2%
357,Vasa Denticity,SME,624.0,1037.2,02 Jun `23,54.1 Cr,₹ 128,19.8x,207.6x,77.0x,68.0x,211.0,221.6,64.8%,387.5%
358,Remus Pharma,SME,902.0,1062.9,29 May `23,47.7 Cr,₹ 1229,10.8x,229.3x,49.8x,57.2x,1711.3,1796.8,39.2%,487.1%
359,Krishca Strapping ,SME,273.4,388.0,26 May `23,17.9 Cr,₹ 54,36.1x,786.9x,572.8x,336.6x,118.8,112.9,120.0%,406.4%
360,Auro Impex ,SME,56.0,68.3,23 May `23,24.3 Cr,₹ 78,6.3x,235.7x,81.2x,66.9x,78.0,75.7,0.0%,-28.2%
361,Innokaiz,SME,18.3,18.7,11 May `23,21.2 Cr,₹ 78,23.9x,224.9x,46.1x,88.4x,148.2,155.6,90.0%,-76.5%
362,De Neers Tools,SME,328.9,941.0,11 May `23,23.0 Cr,₹ 101,3.7x,60.2x,11.9x,15.0x,190.0,180.5,88.1%,225.7%
363,Retina Paints,SME,58.0,89.0,03 May `23,11.1 Cr,₹ 30,-,6.2x,10.4x,8.3x,29.1,30.5,-3.2%,93.3%
364,Quicktouch Tech,SME,59.5,76.3,02 May `23,9.3 Cr,₹ 61,-,165.0x,49.5x,107.3x,92.0,96.6,50.8%,-2.5%
365,A G Universal,SME,52.0,28.5,24 Apr `23,8.7 Cr,₹ 60,-,4.2x,2.5x,3.4x,60.0,60.1,0.0%,-13.3%
366,Pattech Fitwell Tube,SME,113.1,87.7,21 Apr `23,12.0 Cr,₹ 50,-,2.0x,1.9x,2.0x,55.0,57.8,10.0%,126.2%
367,MOS Utility,SME,268.0,668.3,18 Apr `23,50.0 Cr,₹ 76,5.4x,55.0x,11.4x,14.9x,90.0,94.5,18.4%,252.6%
368,Sancode Technologies,SME,54.8,22.3,18 Apr `23,5.2 Cr,₹ 47,-,3.8x,3.2x,3.5x,64.0,60.8,36.2%,16.5%
369,Infinium Pharmachem,SME,290.0,403.6,17 Apr `23,25.3 Cr,₹ 135,-,1.8x,1.9x,1.9x,141.5,147.8,4.8%,329.6%
370,Exhicon Events Media,SME,480.0,622.2,17 Apr `23,21.1 Cr,₹ 64,1.0x,3.3x,2.3x,1.9x,64.0,67.2,0.0%,650.0%
371,Sotac Pharma,SME,136.6,150.9,13 Apr `23,33.3 Cr,₹ 111,1.0x,4.0x,0.9x,1.6x,115.0,120.8,3.6%,23.1%
372,Maiden Forgings,SME,81.0,115.1,06 Apr `23,23.8 Cr,₹ 63,1.0x,1.4x,1.1x,1.2x,63.0,59.9,0.0%,28.6%
373,Dev Labtech Venture,SME,66.3,74.9,29 Mar `23,11.2 Cr,₹ 51,-,2.6x,8.2x,5.5x,51.0,50.2,0.0%,29.9%
374,Command Polymers,SME,31.4,29.5,29 Mar `23,7.1 Cr,₹ 28,-,1.8x,1.0x,1.4x,26.8,26.5,-4.5%,12.2%
375,Nirman Agri Genetics,SME,189.9,152.1,28 Mar `23,20.3 Cr,₹ 99,-,1.2x,2.2x,1.7x,102.0,101.3,3.0%,91.9%
376,Quality Foils,SME,80.5,23.0,24 Mar `23,4.5 Cr,₹ 60,-,464.5x,259.6x,364.4x,100.0,97.7,66.7%,34.1%
377,Bright Outdoor Media,SME,566.9,824.8,24 Mar `23,55.5 Cr,₹ 146,-,1.4x,1.1x,1.3x,150.0,157.5,2.7%,288.3%
378,Labelkraft Tech,SME,63.0,20.4,23 Mar `23,4.8 Cr,₹ 55,-,46.8x,59.8x,53.4x,56.0,55.8,1.8%,14.6%
379,Sudarshan Pharma ,SME,29.4,706.8,22 Mar `23,50.1 Cr,₹ 73,1.0x,0.8x,1.2x,1.1x,73.0,69.3,0.0%,302.3%
380,VELS Film Intl,SME,65.5,84.6,22 Mar `23,33.7 Cr,₹ 99,-,1.2x,1.0x,1.1x,101.0,103.4,2.0%,-33.8%
381,MCON Rasayan,SME,104.2,76.3,20 Mar `23,6.8 Cr,₹ 40,-,307.1x,453.4x,384.6x,48.0,50.4,20.0%,160.4%
382,Prospect Commodities,SME,67.6,27.7,20 Mar `23,7.5 Cr,₹ 61,-,6.8x,3.8x,5.3x,61.0,61.5,0.0%,10.8%
383,Systango Tech,SME,245.1,359.5,15 Mar `23,34.8 Cr,₹ 90,14.1x,230.4x,66.6x,65.0x,98.0,102.9,8.9%,172.3%
384,Vertexplus Tech,SME,112.0,61.4,15 Mar `23,14.2 Cr,₹ 96,0.6x,35.1x,15.5x,11.0x,101.0,106.0,5.2%,16.7%
385,ITCONS E-Solutions,SME,566.8,333.6,13 Mar `23,8.7 Cr,₹ 51,-,16.1x,17.4x,16.7x,47.0,49.3,-7.9%,1011.4%
386,ResGen,SME,77.8,163.2,13 Mar `23,28.2 Cr,₹ 47,1.1x,3.9x,3.9x,2.5x,49.0,46.6,4.3%,65.5%
387,SVJ Enterprises,SME,195.3,108.8,09 Mar `23,6.1 Cr,₹ 36,-,2.1x,0.9x,1.5x,38.0,36.1,5.6%,442.4%
388,Srivasavi Adhesive Tapes,SME,67.0,95.0,09 Mar `23,15.5 Cr,₹ 41,-,7.1x,8.3x,7.7x,40.0,42.0,-2.4%,63.4%
389,Amanaya Ventures,SME,12.8,4.8,09 Mar `23,2.8 Cr,₹ 23,-,0.8x,2.7x,1.8x,20.1,19.1,-12.6%,-44.4%
390,Patron Exim,SME,6.7,15.5,06 Mar `23,16.7 Cr,₹ 27,-,1.0x,1.2x,1.1x,28.4,27.0,5.2%,-75.3%
391,Viaz Tyres,SME,53.0,64.9,01 Mar `23,20.0 Cr,₹ 62,-,5.3x,6.2x,5.8x,68.0,68.0,9.7%,-14.5%
392,Macfos,SME,758.4,714.2,01 Mar `23,23.7 Cr,₹ 102,21.6x,660.0x,268.3x,193.8x,184.0,174.8,80.4%,643.5%
393,Sealmatic,SME,581.0,525.8,01 Mar `23,56.2 Cr,₹ 225,8.7x,39.1x,12.0x,13.5x,225.0,236.3,0.0%,158.2%
394,Agarwal Float Glass,SME,48.0,34.8,23 Feb `23,9.2 Cr,₹ 42,-,3.1x,7.2x,5.2x,44.0,44.0,4.8%,14.3%
395,Indong Tea Company,SME,13.8,26.9,21 Feb `23,13.0 Cr,₹ 26,-,2.2x,7.8x,5.0x,20.8,21.8,-20.0%,-46.7%
396,Lead Reclaim & Rubber,SME,73.3,63.4,21 Feb `23,4.9 Cr,₹ 25,-,87.6x,63.9x,75.7x,27.5,27.6,10.0%,193.4%
397,Shera Energy,SME,143.5,350.7,17 Feb `23,35.2 Cr,₹ 57,8.7x,190.1x,51.3x,47.4x,64.1,67.3,12.5%,151.8%
398,Earthstahl & Alloys,SME,25.0,30.6,08 Feb `23,13.0 Cr,₹ 40,39.8x,445.1x,190.7x,234.8x,55.0,57.8,37.5%,-37.5%
399,Gayatri Rubbers,SME,417.0,239.3,07 Feb `23,4.6 Cr,₹ 30,-,-,-,-,35.0,36.8,16.7%,1290.0%
400,Transvoy Logistics,SME,75.0,20.0,02 Feb `23,5.1 Cr,₹ 71,-,200.0x,168.4x,184.2x,71.0,74.5,0.0%,5.6%
401,Dharni Capital ,SME,54.0,110.0,31 Jan `23,10.7 Cr,₹ 20,-,6.3x,6.8x,6.5x,21.0,20.3,5.0%,170.0%
402,Aristo Bio-Tech,SME,142.0,96.7,30 Jan `23,13.1 Cr,₹ 72,-,285.8x,149.5x,217.7x,80.0,84.0,11.1%,97.2%
403,Ducol Organics & Colours,SME,123.9,201.9,19 Jan `23,31.5 Cr,₹ 78,-,58.1x,31.0x,44.6x,112.0,117.5,43.5%,58.9%
404,Logica Infoway,SME,213.4,379.8,17 Jan `23,16.9 Cr,₹ 225,-,1.9x,1.6x,1.7x,270.0,283.5,20.0%,469.1%
405,Chaman Metallics,SME,165.3,399.1,16 Jan `23,24.2 Cr,₹ 38,-,255.9x,159.8x,207.9x,68.0,64.6,79.0%,335.1%
406,Rex Sealing ,SME,185.0,41.1,12 Jan `23,8.1 Cr,₹ 135,-,2.0x,3.3x,2.6x,137.0,143.8,1.5%,37.0%
407,SVS Ventures,SME,10.7,22.8,12 Jan `23,11.2 Cr,₹ 20,-,0.5x,2.0x,1.3x,20.5,21.5,2.5%,-46.6%
408,Anlon Technology ,SME,420.0,262.7,10 Jan `23,15.0 Cr,₹ 100,54.5x,883.6x,446.8x,428.5x,251.1,263.6,151.1%,320.0%
409,RBM Infracon,SME,458.6,463.3,04 Jan `23,8.4 Cr,₹ 36,-,46.3x,34.2x,40.3x,52.5,55.1,45.8%,1173.8%
410,Homesfy Realty,SME,288.6,93.1,02 Jan `23,15.9 Cr,₹ 197,-,26.8x,16.5x,21.7x,275.1,287.9,39.6%,46.5%
411,Newmalayalam Steel Ltd.,SME,27.9,48.3,27 Dec `24,41.8 Cr,₹ 90,1.2x,23.5x,83.3x,48.2x,90.0,85.5,0.0%,-68.9%
412,Identical Brains Studios Ltd.,SME,42.5,59.6,26 Dec `24,19.9 Cr,₹ 54,99.7x,1357.7x,721.7x,506.1x,95.0,99.8,75.9%,-21.3%
413,NACDAC Infrastructure Ltd.,SME,38.9,40.9,24 Dec `24,10.0 Cr,₹ 35,118.2x,5237.1x,3232.8x,1976.1x,66.5,69.8,90.0%,11.0%
414,Hamps Bio Ltd.,SME,37.3,16.3,20 Dec `24,6.2 Cr,₹ 51,-,719.8x,1286.8x,1003.3x,96.9,101.7,90.0%,-26.8%
415,Yash Highvoltage Ltd.,SME,401.5,1146.3,19 Dec `24,110.0 Cr,₹ 146,65.7x,439.0x,201.3x,169.2x,277.4,291.3,90.0%,175.0%
416,Purple United Sales Ltd.,SME,364.1,349.9,18 Dec `24,32.8 Cr,₹ 126,45.9x,358.5x,206.3x,148.9x,199.0,208.9,57.9%,189.0%
417,Supreme Facility Management Ltd.,SME,32.9,81.7,18 Dec `24,50.0 Cr,₹ 76,7.8x,15.0x,40.4x,25.7x,75.0,71.3,-1.3%,-56.7%
418,Toss The Coin Ltd.,SME,400.0,75.6,17 Dec `24,9.2 Cr,₹ 182,78.0x,1281.8x,2060.8x,952.6x,345.8,363.1,90.0%,119.8%
419,Jungle Camps India Ltd.,SME,58.6,90.8,17 Dec `24,29.4 Cr,₹ 72,104.5x,1010.5x,731.8x,460.0x,136.8,130.0,90.0%,-18.6%
420,Dhanlaxmi Crop Science Ltd.,SME,52.5,85.6,16 Dec `24,23.8 Cr,₹ 55,96.3x,1722.9x,738.4x,565.0x,104.5,109.7,90.0%,-4.6%
421,Emerald Tyre Manufacturers Ltd.,SME,119.0,231.8,12 Dec `24,49.3 Cr,₹ 95,102.9x,1199.3x,734.8x,488.5x,180.5,189.5,90.0%,25.3%
422,Nisus Finance Services Co Ltd.,SME,305.9,730.6,11 Dec `24,114.2 Cr,₹ 180,49.2x,592.0x,183.3x,177.6x,225.0,236.3,25.0%,70.0%
423,Ganesh Infraworld Ltd.,SME,164.0,700.6,06 Dec `24,98.6 Cr,₹ 83,80.6x,1072.3x,357.2x,326.2x,157.7,165.6,90.0%,97.6%
424,Agarwal Toughened Glass India Ltd.,SME,124.0,219.2,05 Dec `24,62.6 Cr,₹ 108,2.4x,20.6x,14.2x,9.3x,135.0,141.8,25.0%,14.8%
425,Apex Ecotech Ltd.,SME,115.0,151.6,04 Dec `24,25.5 Cr,₹ 73,71.8x,1554.3x,433.4x,420.7x,138.7,145.6,90.0%,57.5%
426,Abha Power and Steel Ltd.,SME,31.0,57.6,04 Dec `24,38.5 Cr,₹ 75,-,9.7x,23.7x,16.7x,81.9,77.8,9.2%,-58.7%
427,C2C Advanced Systems Ltd.,SME,615.6,1024.5,03 Dec `24,99.1 Cr,₹ 226,16.8x,310.2x,176.3x,116.6x,429.4,450.9,90.0%,172.4%
428,Rajputana Biodiesel Ltd.,SME,224.0,157.6,03 Dec `24,24.7 Cr,₹ 130,88.4x,1750.0x,968.9x,645.8x,247.0,259.4,90.0%,72.3%
429,Rajesh Power Services Ltd.,SME,1323.0,2382.4,02 Dec `24,160.5 Cr,₹ 335,24.5x,185.2x,42.4x,54.9x,636.5,668.3,90.0%,294.9%
430,Lamosaic India Ltd.,SME,38.1,39.4,29 Nov `24,61.2 Cr,₹ 200,-,0.9x,2.5x,1.7x,164.0,172.2,-18.0%,-80.9%
431,Onyx Biotec Ltd.,SME,48.5,87.9,22 Nov `24,29.3 Cr,₹ 61,17.3x,799.9x,158.3x,184.6x,54.0,56.8,-11.4%,-20.5%
432,Mangal Compusolution Ltd.,SME,45.5,62.0,21 Nov `24,16.2 Cr,₹ 45,-,21.2x,44.5x,32.9x,45.0,42.8,0.0%,1.2%
433,Neelam Linens and Garments (India) Ltd.,SME,25.0,50.5,18 Nov `24,13.0 Cr,₹ 24,8.2x,364.0x,76.6x,85.5x,40.0,38.0,66.9%,4.2%
434,Usha Financial Services Ltd.,SME,82.0,178.2,31 Oct `24,98.5 Cr,₹ 168,5.3x,38.2x,27.4x,18.0x,164.0,155.8,-2.4%,-51.2%
435,Danish Power Ltd.,SME,1056.0,2079.4,29 Oct `24,197.9 Cr,₹ 380,54.7x,360.6x,104.2x,117.9x,570.0,598.5,50.0%,177.9%
436,OBSC Perfection Ltd.,SME,296.0,723.8,29 Oct `24,66.0 Cr,₹ 100,5.4x,34.8x,21.5x,15.5x,110.0,115.5,10.0%,196.0%
437,United Heat Transfer Ltd.,SME,74.6,141.8,29 Oct `24,30.0 Cr,₹ 59,14.2x,166.4x,131.4x,78.0x,61.0,64.0,3.3%,26.4%
438,Premium Plast Ltd.,SME,35.1,67.0,28 Oct `24,26.2 Cr,₹ 49,6.4x,18.7x,62.1x,37.0x,51.5,48.9,5.0%,-28.4%
439,Freshara Agro Exports Ltd.,SME,173.3,407.4,24 Oct `24,75.4 Cr,₹ 116,64.2x,635.5x,224.5x,206.0x,135.0,134.7,16.4%,49.4%
440,Lakshya Powertech Ltd.,SME,138.3,139.4,23 Oct `24,49.9 Cr,₹ 180,109.8x,1455.3x,744.9x,533.9x,342.0,359.1,90.0%,-23.2%
441,Pranik Logistics Ltd.,SME,84.8,93.3,17 Oct `24,22.5 Cr,₹ 77,18.9x,980.5x,128.0x,201.3x,79.0,83.0,2.6%,10.1%
442,Shiv Texchem Ltd.,SME,262.0,607.1,15 Oct `24,101.3 Cr,₹ 166,46.1x,605.9x,90.7x,145.7x,239.0,250.9,44.0%,57.8%
443,Khyati Global Ventures Ltd.,SME,65.3,45.5,11 Oct `24,18.3 Cr,₹ 99,-,5.2x,23.7x,14.5x,105.0,99.8,6.1%,-34.1%
444,Neopolitan Pizza,SME,12.9,21.9,09 Oct `24,12.0 Cr,₹ 20,-,21.8x,40.5x,31.1x,19.3,20.2,-3.8%,-35.6%
445,Subam Papers Ltd.,SME,84.1,195.5,08 Oct `24,93.7 Cr,₹ 152,30.4x,323.5x,65.1x,86.5x,142.0,149.1,-6.6%,-44.7%
446,Paramount Dye Tec Ltd.,SME,63.0,43.7,08 Oct `24,28.4 Cr,₹ 117,5.4x,180.4x,48.2x,46.6x,109.9,107.0,-6.1%,-46.2%
447,Saj Hotels Ltd.,SME,68.0,109.7,07 Oct `24,27.6 Cr,₹ 65,-,2.1x,8.2x,5.2x,55.0,52.5,-15.4%,4.6%
448,HVAX Technologies Ltd.,SME,1017.0,282.4,07 Oct `24,33.5 Cr,₹ 458,7.4x,104.7x,35.6x,31.8x,486.0,490.4,6.1%,122.0%
449,Forge Auto International Ltd.,SME,86.0,93.9,04 Oct `24,31.1 Cr,₹ 108,10.7x,78.2x,82.2x,45.9x,113.0,109.3,4.6%,-20.4%
450,Sahasra Electronic Solutions Ltd.,SME,290.0,724.8,04 Oct `24,186.2 Cr,₹ 283,53.6x,346.8x,99.5x,113.6x,537.7,564.5,90.0%,2.5%
451,Divyadhan Recycling Industries Ltd.,SME,51.5,73.6,04 Oct `24,24.2 Cr,₹ 64,15.6x,101.3x,43.0x,38.0x,84.0,88.2,31.3%,-19.6%
452,Nexxus Petro Industries Ltd.,SME,115.0,79.9,04 Oct `24,19.4 Cr,₹ 105,-,8.1x,8.1x,8.1x,126.0,132.3,20.0%,9.5%
453,Thinking Hats Entertainment Solutions Ltd.,SME,28.8,36.0,03 Oct `24,15.1 Cr,₹ 44,64.1x,338.4x,329.5x,305.4x,60.0,57.0,36.4%,-34.5%
454,Techera Engineering India Ltd.,SME,201.0,332.1,03 Oct `24,35.9 Cr,₹ 82,16.6x,171.8x,89.4x,65.3x,125.0,131.3,52.4%,145.1%
455,Unilex Colours and Chemicals Ltd.,SME,42.6,58.1,03 Oct `24,31.3 Cr,₹ 87,8.2x,81.2x,48.4x,33.2x,89.0,88.2,2.3%,-51.0%
456,Rappid Valves (India) Ltd.,SME,270.1,140.2,30 Sep `24,30.4 Cr,₹ 222,29.7x,654.2x,144.8x,163.6x,312.0,309.4,40.5%,21.7%
457,WOL 3D India Ltd.,SME,128.0,82.6,30 Sep `24,25.6 Cr,₹ 150,53.6x,994.8x,488.5x,347.0x,180.1,189.1,20.0%,-14.7%
458,Bikewo Green Tech Ltd.,SME,20.6,26.9,27 Sep `24,24.1 Cr,₹ 62,4.1x,67.9x,78.6x,39.8x,45.0,47.3,-27.4%,-66.8%
459,Phoenix Overseas Ltd.,SME,24.8,47.9,27 Sep `24,36.0 Cr,₹ 64,62.4x,108.2x,141.0x,115.1x,64.0,60.8,0.0%,-61.3%
460,Avi Ansh Textile Ltd.,SME,102.0,142.6,27 Sep `24,26.0 Cr,₹ 62,-,45.6x,10.8x,8.0x,68.0,71.2,9.7%,64.5%
461,S D Retail Ltd.,SME,134.5,251.8,27 Sep `24,65.0 Cr,₹ 131,37.1x,276.3x,86.7x,90.3x,145.0,150.9,10.7%,2.7%
462,Kalana Ispat Ltd.,SME,42.0,54.8,26 Sep `24,32.6 Cr,₹ 66,-,70.5x,70.5x,54.8x,45.1,47.4,-31.6%,-36.4%
463,Paramount Speciality Forgings Ltd.,SME,39.9,78.5,25 Sep `24,32.3 Cr,₹ 59,11.1x,293.2x,54.9x,68.7x,83.0,87.2,40.7%,-32.4%
464,Pelatro Ltd.,SME,427.0,444.4,24 Sep `24,56.0 Cr,₹ 200,7.9x,72.4x,16.9x,20.7x,275.0,288.8,37.5%,113.5%
465,Osel Devcies Ltd.,SME,319.3,514.9,24 Sep `24,70.7 Cr,₹ 160,42.2x,427.3x,273.6x,180.7x,198.1,207.9,23.8%,99.5%
466,Popular Foundations Ltd.,SME,33.1,67.5,24 Sep `24,19.9 Cr,₹ 37,-,3.5x,14.1x,8.8x,37.0,37.1,0.0%,-10.5%
467,Envirotech Systems Ltd.,SME,128.0,240.5,24 Sep `24,30.2 Cr,₹ 56,32.1x,221.7x,75.5x,75.7x,106.4,111.7,90.0%,128.6%
468,Deccan Transcon Leasing Ltd.,SME,39.0,88.6,24 Sep `24,65.1 Cr,₹ 108,26.3x,182.9x,159.1x,96.3x,116.0,110.3,7.4%,-63.9%
469,Sodhani Academy of Fintech Enablers Ltd.,SME,280.0,159.5,23 Sep `24,6.1 Cr,₹ 40,-,492.6x,340.2x,416.4x,53.0,55.6,32.5%,600.0%
470,Excellent Wires ,SME,48.1,21.5,19 Sep `24,12.6 Cr,₹ 90,-,8.4x,30.4x,19.4x,85.0,82.0,-5.6%,-46.6%
471,Innomet Advanced Materials Ltd.,SME,171.5,221.9,18 Sep `24,34.2 Cr,₹ 100,-,299.0x,215.6x,282.5x,190.0,199.5,90.0%,71.5%
472,SPP Polymer Ltd.,SME,17.6,27.1,17 Sep `24,24.5 Cr,₹ 59,-,21.3x,56.8x,39.1x,63.0,59.9,6.8%,-70.2%
473,Shubhshree Biofuels Energy Ltd.,SME,366.1,191.9,16 Sep `24,16.6 Cr,₹ 119,14.7x,327.4x,179.8x,119.4x,189.0,198.4,58.8%,207.7%
474,Aditya Ultra Steel Ltd.,SME,33.5,83.2,16 Sep `24,45.9 Cr,₹ 62,1.1x,11.9x,22.5x,10.2x,69.9,66.4,12.7%,-46.0%
475,Share Samadhan Ltd.,SME,73.5,90.2,16 Sep `24,24.1 Cr,₹ 74,2.7x,16.9x,18.0x,13.6x,73.0,74.9,-1.3%,-0.7%
476,Gajanand International Ltd.,SME,13.0,24.5,16 Sep `24,20.6 Cr,₹ 36,-,5.6x,23.0x,14.3x,42.0,39.9,16.7%,-63.9%
477,Vision Infra Equipment Solutions Ltd.,SME,162.0,399.2,13 Sep `24,106.2 Cr,₹ 163,2.3x,2.2x,4.1x,2.9x,205.0,215.3,25.8%,-0.6%
478,My Mudra Fincorp,SME,77.6,88.4,12 Sep `24,33.3 Cr,₹ 110,25.9x,211.9x,144.4x,95.3x,130.0,123.5,18.2%,-29.4%
479,Mach Conferences and Events Ltd.,SME,144.2,303.2,11 Sep `24,125.3 Cr,₹ 225,146.7x,293.0x,136.5x,182.0x,300.0,295.6,33.3%,-35.9%
480,Namo eWaste Management Ltd.,SME,136.0,311.0,11 Sep `24,51.2 Cr,₹ 85,91.6x,524.5x,259.7x,209.9x,161.5,169.6,90.0%,60.0%
481,Naturewings Holidays Ltd.,SME,63.6,20.1,10 Sep `24,7.0 Cr,₹ 74,-,265.8x,462.6x,364.2x,95.0,90.3,28.4%,-14.1%
482,Jeyyam Global Foods Ltd.,SME,40.0,190.0,09 Sep `24,81.9 Cr,₹ 61,29.5x,425.7x,93.2x,111.2x,61.0,64.0,0.0%,-34.4%
483,Boss Packaging Solutions Ltd.,SME,46.4,20.6,06 Sep `24,8.4 Cr,₹ 66,-,98.5x,156.7x,127.6x,82.5,86.6,25.0%,-29.7%
484,Travels & Rentals Ltd.,SME,51.0,57.1,05 Sep `24,12.2 Cr,₹ 40,-,747.8x,408.5x,578.1x,55.0,57.8,37.5%,27.5%
485,Paramatrix Tech,SME,90.0,103.6,04 Sep `24,33.8 Cr,₹ 110,-,6.0x,11.3x,8.6x,115.0,120.8,4.6%,-18.2%
486,Aeron Composite,SME,127.0,216.2,04 Sep `24,56.1 Cr,₹ 125,13.8x,94.3x,42.1x,35.8x,150.0,157.5,20.0%,1.6%
487,Indian Phosphate Ltd.,SME,57.3,143.2,03 Sep `24,67.4 Cr,₹ 99,95.8x,586.4x,355.3x,260.2x,188.1,178.7,90.0%,-42.1%
488,Jay Bee Laminations Ltd.,SME,233.0,525.8,03 Sep `24,28.9 Cr,₹ 146,37.6x,306.6x,129.9x,110.3x,277.4,291.3,90.0%,59.6%
489,Vdeal System,SME,160.0,78.2,03 Sep `24,18.1 Cr,₹ 112,-,58.6x,76.5x,67.6x,170.0,178.5,51.8%,42.9%
490,Rapid Multimodal ,SME,69.3,26.4,30 Aug `24,8.5 Cr,₹ 84,-,501.8x,163.8x,332.8x,103.0,108.1,22.6%,-17.5%
491,Resourceful Automobile,SME,61.0,16.2,29 Aug `24,12.0 Cr,₹ 117,-,324.3x,471.2x,397.8x,117.0,122.8,0.0%,-47.9%
492,Ideal Technoplast ,SME,132.1,66.0,28 Aug `24,16.0 Cr,₹ 121,-,103.1x,109.7x,106.4x,132.1,138.7,9.2%,9.1%
493,QVC Exports,SME,32.2,33.7,28 Aug `24,24.1 Cr,₹ 86,-,566.3x,397.8x,482.1x,161.0,152.9,87.2%,-62.6%
494,Forcas Studio,SME,111.0,195.1,26 Aug `24,37.4 Cr,₹ 80,109.1x,932.7x,552.3x,387.8x,152.0,144.4,90.0%,38.8%
495,Brace Port Logistics,SME,88.0,99.5,26 Aug `24,24.4 Cr,₹ 80,128.3x,1813.5x,803.0x,617.3x,152.0,159.6,90.0%,10.0%
496,Solve Plastic ,SME,29.0,12.7,21 Aug `24,11.8 Cr,₹ 91,-,14.8x,40.7x,28.7x,102.0,107.1,12.1%,-68.1%
497,Broach Lifecare Hospital,SME,22.0,13.4,21 Aug `24,4.0 Cr,₹ 25,-,84.0x,214.5x,150.8x,47.5,49.9,90.0%,-12.0%
498,Sunlite Recycling ,SME,165.0,179.5,20 Aug `24,30.2 Cr,₹ 105,57.8x,775.6x,334.0x,262.1x,199.5,209.4,90.0%,57.1%
499,Positron Energy,SME,320.1,243.3,20 Aug `24,51.2 Cr,₹ 250,122.8x,1071.8x,467.7x,385.9x,475.0,498.8,90.0%,28.0%
500,Aesthetik Engineers,SME,122.0,210.1,16 Aug `24,26.5 Cr,₹ 58,109.9x,2577.7x,633.4x,663.3x,110.2,115.7,90.0%,110.3%
501,Afcom Holdings,SME,851.0,2115.4,09 Aug `24,73.8 Cr,₹ 108,186.2x,512.0x,202.8x,281.4x,205.2,215.4,90.0%,688.0%
502,Picturepost Studios,SME,21.3,62.3,09 Aug `24,18.7 Cr,₹ 24,53.6x,520.6x,418.9x,251.5x,30.0,31.5,25.0%,-11.5%
503,Dhariwalcorp,SME,150.0,134.3,08 Aug `24,25.1 Cr,₹ 106,39.8x,379.7x,251.8x,165.0x,150.0,142.5,41.5%,41.5%
504,Utssav CZ Jewels,SME,228.0,543.1,07 Aug `24,69.5 Cr,₹ 110,19.4x,86.1x,62.0x,44.3x,110.0,115.5,0.1%,107.3%
505,Sathlokhar Synergys ,SME,369.0,890.7,06 Aug `24,92.9 Cr,₹ 140,85.8x,478.9x,200.8x,185.0x,260.0,247.0,85.7%,163.6%
506,Rajputana Industries,SME,78.0,173.4,06 Aug `24,23.9 Cr,₹ 38,81.8x,540.0x,644.6x,347.5x,72.2,75.8,90.0%,105.4%
507,Bulkcorp Intl,SME,61.5,46.2,06 Aug `24,20.8 Cr,₹ 105,55.4x,334.3x,481.7x,246.4x,130.0,136.5,23.8%,-41.4%
508,Ashapura Logistics,SME,69.9,94.8,06 Aug `24,52.7 Cr,₹ 144,68.2x,385.3x,231.4x,172.9x,185.0,175.8,28.5%,-51.5%
509,Kizi Apparels,SME,18.0,14.1,06 Aug `24,5.6 Cr,₹ 21,-,86.9x,132.4x,109.7x,23.1,24.3,10.2%,-14.3%
510,S A Tech Software,SME,57.5,75.1,02 Aug `24,23.0 Cr,₹ 59,103.4x,1518.1x,798.3x,558.9x,112.1,117.7,90.0%,-2.5%
511,Esprit Stones,SME,105.0,230.5,02 Aug `24,50.4 Cr,₹ 87,60.5x,514.3x,187.4x,173.0x,93.2,97.8,7.1%,20.8%
512,Aprameya Engineering,SME,162.0,308.4,01 Aug `24,29.2 Cr,₹ 58,48.0x,451.8x,249.5x,179.1x,72.0,75.6,24.1%,179.3%
513,Clinitech Laboratory,SME,34.4,7.9,01 Aug `24,5.8 Cr,₹ 96,-,24.4x,49.6x,37.0x,115.0,120.8,19.8%,-64.2%
514,Trom Industries,SME,101.2,93.0,01 Aug `24,31.4 Cr,₹ 115,104.7x,1000.4x,651.1x,430.3x,218.5,229.4,90.0%,-12.0%
515,Chetana Education,SME,81.0,165.2,31 Jul `24,45.9 Cr,₹ 85,53.7x,622.4x,179.3x,183.0x,98.9,103.8,16.4%,-4.7%
516,Manglam Infra,SME,21.6,37.9,31 Jul `24,27.6 Cr,₹ 56,79.7x,923.4x,454.5x,337.4x,106.4,111.7,90.0%,-61.5%
517,V L Infraprojects,SME,45.5,71.6,30 Jul `24,18.5 Cr,₹ 42,107.5x,961.0x,1114.5x,588.0x,79.8,83.8,90.0%,8.4%
518,VVIP Infratech,SME,189.0,471.9,30 Jul `24,61.2 Cr,₹ 93,168.4x,335.9x,181.7x,220.0x,176.7,185.5,90.0%,103.2%
519,RNFI Services,SME,251.9,628.6,29 Jul `24,70.8 Cr,₹ 105,74.0x,678.5x,210.8x,212.6x,199.5,189.6,90.0%,139.9%
520,SAR Televenture,SME,261.6,1232.1,29 Jul `24,150.0 Cr,₹ 210,4.4x,15.3x,9.9x,8.0x,225.1,232.6,7.2%,24.6%
521,Macobs Technologies,SME,164.8,161.4,24 Jul `24,19.5 Cr,₹ 75,40.8x,305.5x,202.5x,190.1x,96.0,100.8,28.0%,119.7%
522,Kataria Industries,SME,109.2,235.1,24 Jul `24,54.6 Cr,₹ 96,90.9x,1286.9x,364.5x,366.1x,182.4,191.5,90.0%,13.8%
523,Tunwal E-Motors,SME,31.0,178.8,23 Jul `24,115.6 Cr,₹ 59,-,7.3x,15.8x,11.6x,64.0,60.8,8.5%,-47.5%
524,Prizor Viztech,SME,214.0,228.8,22 Jul `24,25.1 Cr,₹ 87,49.5x,372.4x,354.9x,204.9x,165.3,0.0,90.0%,146.0%
525,Three M Paper Boards,SME,51.5,99.0,22 Jul `24,39.8 Cr,₹ 69,79.4x,210.8x,175.2x,159.4x,76.0,79.8,10.1%,-25.4%
526,Sati Poly Plast,SME,89.3,44.2,22 Jul `24,17.4 Cr,₹ 130,77.3x,755.1x,887.9x,462.7x,247.0,0.0,90.0%,-31.4%
527,Aelea Commodities,SME,169.0,344.2,22 Jul `24,51.0 Cr,₹ 95,104.2x,288.8x,164.9x,182.2x,165.0,173.3,73.7%,77.9%
528,Sahaj Solar,SME,265.0,582.3,19 Jul `24,52.6 Cr,₹ 180,112.5x,1132.8x,702.2x,472.0x,342.0,359.1,90.0%,194.4%
529,Ganesh Green Bharat,SME,509.8,1264.4,12 Jul `24,125.2 Cr,₹ 190,80.8x,616.3x,231.5x,213.9x,361.0,379.1,90.0%,168.3%
530,Effwa Infra & Research,SME,231.0,534.7,12 Jul `24,51.3 Cr,₹ 82,86.4x,650.4x,429.6x,291.1x,155.8,163.6,90.0%,181.7%
531,Ambey Laboratories,SME,37.9,94.4,11 Jul `24,44.7 Cr,₹ 68,33.0x,279.0x,258.9x,148.9x,85.0,89.3,25.0%,-44.3%
532,Nephro Care,SME,110.8,182.6,05 Jul `24,41.3 Cr,₹ 90,121.0x,2214.8x,782.4x,666.6x,171.0,179.6,90.0%,23.1%
533,Diensten Tech,SME,165.0,136.3,03 Jul `24,22.1 Cr,₹ 100,5.1x,206.8x,47.6x,50.2x,240.0,252.0,140.0%,65.0%
534,Akiko Global ,SME,84.0,90.4,02 Jul `24,23.1 Cr,₹ 77,6.2x,65.0x,63.9x,35.2x,98.0,93.3,27.3%,9.0%
535,Petro Carbon ,SME,180.0,444.6,02 Jul `24,113.2 Cr,₹ 171,49.1x,169.5x,96.7x,83.8x,300.0,315.0,75.4%,5.3%
536,Divine Power Energy,SME,152.0,326.3,02 Jul `24,22.8 Cr,₹ 40,73.1x,632.9x,678.8x,369.1x,155.0,152.3,287.5%,280.0%
537,Shivalic Power ,SME,119.0,287.0,01 Jul `24,64.3 Cr,₹ 100,90.2x,578.5x,305.0x,238.6x,311.0,326.6,211.0%,19.0%
538,Sylvan Plyboard,SME,86.0,166.5,01 Jul `24,28.1 Cr,₹ 55,-,72.2x,84.8x,78.5x,66.0,69.3,20.0%,56.3%
539,Mason Infratech,SME,177.1,311.1,01 Jul `24,30.5 Cr,₹ 64,4.2x,67.3x,48.6x,30.7x,88.0,92.4,37.5%,176.6%
540,Visaman Global Sales,SME,52.7,72.8,01 Jul `24,16.1 Cr,₹ 43,-,22.3x,48.9x,37.9x,45.1,47.4,4.9%,22.6%
541,Medicamen Organics,SME,40.8,47.7,28 Jun `24,10.5 Cr,₹ 34,90.9x,1773.0x,1729.8x,916.8x,137.8,144.7,305.4%,20.0%
542,Dindigul Farm ,SME,25.3,61.8,27 Jun `24,34.8 Cr,₹ 54,145.6x,207.1x,201.4x,188.1x,102.6,107.7,90.0%,-53.1%
543,Winny Immigration,SME,133.0,28.9,27 Jun `24,9.1 Cr,₹ 140,-,95.5x,180.7x,142.4x,240.0,252.0,71.4%,-5.0%
544,Durlax Top Surface,SME,42.8,71.2,26 Jun `24,40.8 Cr,₹ 68,40.2x,438.8x,214.3x,160.9x,109.0,103.5,60.3%,-37.1%
545,GEM Enviro Mgmt,SME,69.7,157.2,26 Jun `24,44.9 Cr,₹ 75,160.2x,330.0x,240.3x,244.1x,142.5,149.6,90.0%,-7.1%
546,Falcon Technoprojects,SME,24.0,12.9,26 Jun `24,13.7 Cr,₹ 92,-,43.1x,83.2x,63.2x,84.0,88.2,-8.7%,-73.9%
547,United Cotfab,SME,26.5,45.6,24 Jun `24,36.3 Cr,₹ 70,-,130.3x,73.3x,101.8x,75.0,78.8,7.1%,-62.1%
548,GP Eco Solutions,SME,500.1,591.7,24 Jun `24,30.8 Cr,₹ 94,116.5x,2258.4x,977.4x,739.1x,375.0,393.8,298.9%,432.1%
549,Sattrix Information ,SME,188.0,127.8,12 Jun `24,21.8 Cr,₹ 121,-,98.0x,35.8x,66.9x,150.0,157.5,24.0%,55.4%
550,3C IT Sol & Telecom,SME,26.0,15.7,12 Jun `24,11.4 Cr,₹ 52,-,10.2x,28.3x,19.2x,43.0,45.2,-17.3%,-50.0%
551,Magenta Lifecare,SME,15.2,10.5,12 Jun `24,7.0 Cr,₹ 35,-,1126.3x,737.9x,932.1x,45.0,47.3,28.6%,-56.5%
552,TBI Corn,SME,123.8,224.7,07 Jun `24,44.9 Cr,₹ 94,43.2x,686.2x,258.6x,215.1x,198.0,207.9,110.6%,31.6%
553,Aimtron Electronics,SME,675.0,1377.9,06 Jun `24,87.0 Cr,₹ 161,37.0x,269.1x,94.9x,92.1x,241.0,253.1,49.7%,319.3%
554,Associated Coaters,SME,94.2,12.7,06 Jun `24,5.1 Cr,₹ 121,-,208.9x,417.6x,313.3x,142.0,134.9,17.4%,-22.1%
555,Z-Tech,SME,540.3,774.2,05 Jun `24,37.3 Cr,₹ 110,65.4x,1106.5x,419.2x,345.4x,100.0,105.0,-9.1%,391.1%
556,Beacon Trusteeship,SME,59.5,107.4,04 Jun `24,32.5 Cr,₹ 60,87.0x,1038.6x,671.7x,434.4x,90.0,94.5,50.0%,-0.9%
557,Vilas Transcore,SME,572.8,1402.2,03 Jun `24,95.3 Cr,₹ 147,60.9x,599.4x,214.0x,195.3x,215.0,225.8,46.3%,289.7%
558,GSM Foils,SME,169.3,216.9,31 May `24,11.0 Cr,₹ 32,-,246.3x,234.5x,240.4x,32.0,33.6,0.0%,429.1%
559,HOAC Foods,SME,271.5,104.3,24 May `24,5.5 Cr,₹ 48,-,1317.4x,2350.6x,1834.0x,147.0,139.7,206.3%,465.6%
560,Rulka Electricals,SME,139.0,59.2,24 May `24,26.4 Cr,₹ 235,108.5x,1794.0x,874.5x,629.4x,525.0,498.8,123.4%,-40.9%
561,Quest Laboratories,SME,94.5,154.9,23 May `24,43.2 Cr,₹ 97,29.6x,250.7x,76.8x,79.3x,155.1,147.3,59.9%,-2.6%
562,Indian Emulsifiers,SME,150.2,183.5,22 May `24,42.4 Cr,₹ 132,93.3x,1039.5x,643.9x,427.9x,430.0,451.5,225.8%,13.8%
563,ABS Marine Services,SME,200.8,492.8,21 May `24,96.3 Cr,₹ 147,57.0x,354.6x,146.9x,133.1x,294.0,279.3,100.0%,36.6%
564,Veritaas Advertising,SME,65.2,18.4,21 May `24,8.5 Cr,₹ 114,64.1x,781.3x,1227.8x,581.4x,275.0,261.3,141.2%,-42.8%
565,Mandeep Auto ,SME,27.5,28.4,21 May `24,25.3 Cr,₹ 67,-,58.5x,86.0x,72.3x,62.3,65.3,-7.1%,-59.0%
566,Premier Roadlines,SME,93.9,214.7,17 May `24,40.4 Cr,₹ 67,47.8x,239.7x,141.5x,109.3x,87.0,91.3,29.9%,40.1%
567,Aztec Fluids & Machinery,SME,80.0,108.8,17 May `24,24.1 Cr,₹ 67,107.9x,252.8x,228.4x,203.0x,90.0,85.5,34.3%,19.4%
568,Piotex Industries,SME,50.3,25.7,17 May `24,14.5 Cr,₹ 94,-,115.5x,88.6x,102.0x,109.0,114.3,16.0%,-46.5%
569,Energy-Mission ,SME,187.5,212.4,16 May `24,41.1 Cr,₹ 138,85.9x,804.4x,384.5x,298.2x,366.0,384.3,165.2%,35.9%
570,Silkflex Polymers,SME,96.9,112.5,15 May `24,18.1 Cr,₹ 52,-,34.6x,31.1x,32.8x,60.0,58.7,15.4%,86.3%
571,TGIF Agribusiness,SME,100.8,26.1,15 May `24,6.4 Cr,₹ 93,-,29.2x,35.3x,35.1x,150.0,142.5,61.3%,8.3%
572,Refractory Shapes,SME,62.0,135.2,14 May `24,18.6 Cr,₹ 31,48.2x,616.8x,344.2x,237.1x,75.0,78.8,141.9%,100.0%
573,Winsol Engineers,SME,204.0,235.3,14 May `24,23.4 Cr,₹ 75,110.2x,1447.0x,1038.7x,635.7x,365.0,383.3,386.7%,172.0%
574,Finelistings Tech,SME,31.5,11.5,14 May `24,13.5 Cr,₹ 123,-,34.1x,36.9x,35.5x,127.0,133.3,3.3%,-74.4%
575,Slone Infosystems,SME,250.0,131.7,10 May `24,11.1 Cr,₹ 79,-,718.1x,514.2x,616.1x,118.5,112.6,50.0%,216.5%
576,Storage Technologies,SME,85.0,109.1,08 May `24,29.9 Cr,₹ 78,117.9x,422.8x,242.7x,258.6x,148.2,153.1,90.0%,9.0%
577,Amkay Products,SME,52.0,45.0,08 May `24,12.6 Cr,₹ 55,173.0x,722.0x,973.1x,693.4x,104.5,109.7,90.0%,-5.5%
578,Sai Swami Metals ,SME,34.8,43.6,08 May `24,15.0 Cr,₹ 60,-,530.0x,501.9x,515.9x,114.0,119.7,90.0%,-42.0%
579,Varyaa Creations,SME,49.6,23.8,30 Apr `24,20.1 Cr,₹ 150,-,1.1x,5.8x,3.5x,285.0,270.8,90.0%,-66.9%
580,Emmforce Autotech,SME,85.9,176.1,30 Apr `24,53.9 Cr,₹ 98,160.6x,637.7x,267.6x,338.9x,186.2,195.5,90.0%,-12.3%
581,Shivam Chemicals,SME,57.0,96.8,30 Apr `24,20.2 Cr,₹ 44,-,4.2x,8.4x,6.3x,48.0,47.4,9.1%,29.6%
582,Faalcon Concepts,SME,41.5,28.3,26 Apr `24,12.1 Cr,₹ 62,-,90.7x,44.8x,67.8x,95.0,90.3,53.2%,-33.1%
583,Grill Splendour Services,SME,128.0,72.4,23 Apr `24,16.5 Cr,₹ 120,-,4.5x,12.1x,8.3x,121.3,127.3,1.1%,6.6%
584,Ramdevbaba Solvent,SME,120.0,274.3,23 Apr `24,50.3 Cr,₹ 85,34.9x,416.4x,105.8x,116.9x,112.0,117.6,31.8%,41.2%
585,Greenhitech Ventures,SME,124.0,58.3,22 Apr `24,6.3 Cr,₹ 50,-,893.2x,566.1x,729.7x,95.0,99.8,90.0%,148.0%
586,DCG Cables & Wires,SME,66.6,120.9,16 Apr `24,50.0 Cr,₹ 100,-,11.1x,20.6x,15.8x,90.0,85.5,-10.0%,-33.4%
587,Teerth Gopicon,SME,105.3,126.3,16 Apr `24,44.4 Cr,₹ 111,-,92.4x,42.1x,67.2x,125.0,131.3,12.6%,-5.2%
588,Aluwind Architectural,SME,84.0,208.7,09 Apr `24,29.7 Cr,₹ 45,-,5.1x,10.2x,7.6x,45.0,47.3,0.0%,86.7%
589,Creative Graphics ,SME,199.0,483.3,09 Apr `24,54.4 Cr,₹ 85,52.5x,628.7x,192.2x,187.8x,175.0,176.3,105.9%,134.1%
590,Yash Optics & Lens,SME,82.5,204.3,08 Apr `24,53.1 Cr,₹ 81,9.5x,130.4x,43.0x,39.4x,90.0,92.7,11.1%,1.9%
591,Jay Kailash Namkeen,SME,61.0,30.5,08 Apr `24,11.9 Cr,₹ 73,2.3x,54.6x,51.0x,38.0x,85.0,80.8,16.4%,-16.4%
592,K2 Infragen,SME,68.3,86.1,08 Apr `24,40.5 Cr,₹ 119,12.0x,147.1x,52.3x,46.4x,167.0,173.3,40.3%,-42.6%
593,TAC Infosec,SME,1099.0,1151.7,05 Apr `24,30.0 Cr,₹ 106,75.1x,1022.0x,576.3x,392.6x,290.0,304.5,173.6%,936.8%
594,Radiowalla Network,SME,67.3,47.4,05 Apr `24,14.3 Cr,₹ 76,46.1x,646.3x,463.1x,282.1x,120.2,126.2,58.1%,-11.5%
595,Trust Fintech,SME,61.6,146.8,04 Apr `24,63.5 Cr,₹ 101,34.7x,325.1x,99.7x,101.0x,143.3,150.4,41.8%,-39.0%
596,Aspire & Innovative,SME,23.4,35.5,03 Apr `24,22.0 Cr,₹ 54,2.8x,34.5x,21.8x,14.2x,56.5,59.3,4.6%,-56.7%
597,Blue Pebble,SME,202.4,82.6,03 Apr `24,18.1 Cr,₹ 168,11.5x,129.8x,77.4x,52.3x,199.0,208.9,18.4%,20.5%
598,Vruddhi Engineering,SME,245.0,61.8,03 Apr `24,4.8 Cr,₹ 70,1.1x,28.1x,20.1x,12.7x,71.0,74.5,1.4%,250.0%
599,Gconnect Logitech ,SME,20.5,7.6,03 Apr `24,5.6 Cr,₹ 40,-,40.8x,67.9x,54.4x,42.0,44.1,5.0%,-48.8%
600,Naman In-Store,SME,96.1,125.6,02 Apr `24,25.4 Cr,₹ 89,58.3x,703.0x,436.9x,287.5x,125.0,118.8,40.5%,8.0%
601,Vishwas Agri Seeds,SME,59.0,59.0,01 Apr `24,25.8 Cr,₹ 86,-,12.2x,11.0x,11.6x,85.0,83.6,-1.2%,-31.3%
602,Omfurn,SME,104.0,122.5,28 Mar `24,27.0 Cr,₹ 75,0.8x,3.8x,7.1x,3.4x,76.6,76.6,2.1%,38.7%
603,Chatha Foods,SME,106.0,255.3,27 Mar `24,34.0 Cr,₹ 56,8.5x,33.2x,14.6x,18.0x,73.0,76.7,30.4%,89.3%
604,KP Green Engineering,SME,542.4,2712.0,22 Mar `24,189.5 Cr,₹ 144,31.9x,36.0x,20.1x,27.5x,200.0,210.0,38.9%,276.7%
605,Enfuse Solutions,SME,231.0,204.4,22 Mar `24,22.4 Cr,₹ 96,53.0x,1266.9x,329.3x,331.8x,115.0,115.5,19.8%,140.6%
606,Enser Communications,SME,16.5,143.8,22 Mar `24,16.2 Cr,₹ 70,-,3.6x,10.4x,7.0x,72.0,70.1,2.9%,-52.9%
607,AVP Infracon,SME,173.5,433.4,20 Mar `24,52.3 Cr,₹ 75,0.5x,57.5x,27.6x,18.5x,79.0,75.0,5.3%,131.3%
608,Signoria Creation,SME,107.0,50.9,19 Mar `24,9.3 Cr,₹ 65,41.9x,1962.0x,888.2x,626.1x,131.0,137.6,101.5%,64.6%
609,Royal Sense,SME,239.4,128.1,19 Mar `24,9.9 Cr,₹ 68,-,8.9x,6.5x,7.7x,129.2,122.7,90.0%,252.1%
610,Pratham EPC Projects,SME,144.0,262.3,18 Mar `24,36.0 Cr,₹ 75,37.3x,426.6x,238.5x,166.1x,113.3,119.0,51.1%,92.0%
611,Pune E-Stock Broking,SME,204.0,319.3,15 Mar `24,38.2 Cr,₹ 83,123.0x,357.5x,338.9x,296.6x,130.0,133.2,56.6%,145.8%
612,Shree Karni Fabcom,SME,602.0,435.2,14 Mar `24,42.5 Cr,₹ 227,60.0x,614.0x,439.1x,275.8x,260.0,273.0,14.5%,165.2%
613,Koura Fine Jewelry,SME,43.8,15.8,14 Mar `24,5.5 Cr,₹ 55,-,353.3x,1010.3x,681.8x,75.0,78.6,36.4%,-20.4%
614,Sona Machinery,SME,78.0,107.0,13 Mar `24,51.8 Cr,₹ 143,68.9x,737.7x,312.2x,254.4x,125.0,131.3,-12.6%,-45.5%
615,V R Infraspace,SME,177.0,157.2,12 Mar `24,20.4 Cr,₹ 85,-,81.3x,91.2x,86.3x,90.0,87.4,5.9%,108.2%
616,MVK Agro Food ,SME,170.3,263.7,07 Mar `24,65.9 Cr,₹ 120,-,3.8x,12.5x,8.1x,79.0,83.0,-34.2%,41.9%
617,Purv Flexipack,SME,75.0,157.4,05 Mar `24,40.2 Cr,₹ 71,79.9x,938.9x,589.1x,386.9x,260.0,247.0,266.2%,5.6%
618,Owais Metal & Mineral,SME,584.0,1061.8,04 Mar `24,42.7 Cr,₹ 87,47.5x,428.1x,339.9x,206.9x,250.0,262.5,187.4%,571.2%
619,Sadhav Shipping,SME,108.5,155.7,01 Mar `24,38.2 Cr,₹ 95,-,175.7x,65.8x,120.7x,135.0,141.8,42.1%,14.2%
620,Zenith Drugs,SME,75.0,128.6,27 Feb `24,40.7 Cr,₹ 79,35.6x,309.0x,116.2x,104.8x,110.0,105.2,39.2%,-5.1%
621,Deem Roll-Tech,SME,60.5,50.4,27 Feb `24,29.3 Cr,₹ 129,-,296.4x,171.4x,233.9x,200.0,209.7,55.0%,-53.1%
622,Kalahridhaan Trendz,SME,8.2,14.0,23 Feb `24,22.5 Cr,₹ 45,-,6.5x,9.8x,8.2x,47.1,49.5,4.8%,-81.9%
623,Thaai Casting,SME,109.0,252.1,23 Feb `24,47.2 Cr,₹ 77,76.0x,960.4x,467.9x,345.9x,185.9,195.2,141.4%,41.6%
624,Interiors & More,SME,500.0,349.8,23 Feb `24,42.0 Cr,₹ 227,1.9x,40.8x,10.5x,10.8x,270.0,283.5,18.9%,120.3%
625,Esconet Technologies,SME,215.1,281.7,23 Feb `24,28.2 Cr,₹ 84,82.6x,1151.4x,734.8x,471.2x,290.0,275.5,245.2%,156.1%
626,Atmastco,SME,226.6,560.5,23 Feb `24,56.3 Cr,₹ 77,-,14.4x,18.4x,16.4x,91.0,95.5,18.2%,194.3%
627,Wise Travel,SME,147.1,350.3,19 Feb `24,94.7 Cr,₹ 147,54.6x,481.4x,139.1x,148.2x,195.0,204.8,32.6%,0.1%
628,Polysil Irrigation ,SME,80.8,182.0,16 Feb `24,17.4 Cr,₹ 54,-,2.1x,11.0x,6.6x,56.0,54.3,3.7%,49.7%
629,Alpex Solar,SME,1124.0,2750.8,15 Feb `24,74.5 Cr,₹ 115,75.2x,668.1x,467.6x,301.4x,329.0,345.4,186.1%,877.4%
630,Rudra Gas Enterprise,SME,108.0,90.1,15 Feb `24,14.2 Cr,₹ 63,-,281.9x,383.5x,332.7x,119.7,125.7,90.0%,71.4%
631,Italian Edibles,SME,37.0,54.7,12 Feb `24,26.7 Cr,₹ 68,-,168.4x,114.5x,141.4x,55.0,57.8,-19.1%,-45.6%
632,Gabriel Pet Straps,SME,242.0,135.5,07 Feb `24,8.1 Cr,₹ 101,-,349.0x,116.1x,232.6x,115.0,120.8,13.9%,139.6%
633,Baweja Studios,SME,51.5,95.0,06 Feb `24,97.2 Cr,₹ 180,0.2x,3.6x,5.4x,2.5x,183.0,173.8,1.7%,-71.4%
634,Megatherm Induction,SME,333.6,628.6,05 Feb `24,53.9 Cr,₹ 108,55.8x,408.5x,266.3x,182.4x,198.0,207.9,83.3%,208.9%
635,Mayank Cattle Food,SME,234.7,126.7,05 Feb `24,19.4 Cr,₹ 108,-,5.7x,11.2x,8.4x,116.0,120.0,7.4%,117.3%
636,Harshdeep Hortico,SME,92.3,148.5,05 Feb `24,19.1 Cr,₹ 45,54.2x,134.4x,98.3x,96.4x,70.0,66.5,55.6%,105.0%
637,Fonebox Retail,SME,80.0,82.1,02 Feb `24,20.4 Cr,₹ 70,74.0x,1091.7x,1178.7x,613.3x,200.0,210.0,185.7%,14.3%
638,delaPlex,SME,148.0,134.8,02 Feb `24,46.1 Cr,₹ 192,48.2x,445.6x,212.2x,165.2x,309.0,324.4,60.9%,-22.9%
639,DocMode Health ,SME,52.0,16.3,02 Feb `24,6.7 Cr,₹ 79,-,185.1x,218.7x,201.9x,190.3,180.8,140.8%,-34.2%
640,Brisk Technovision,SME,105.0,21.0,31 Jan `24,12.5 Cr,₹ 156,-,55.5x,34.1x,44.8x,175.0,183.8,12.2%,-32.7%
641,Konstelec Engineers,SME,69.7,105.2,30 Jan `24,28.7 Cr,₹ 70,60.4x,561.5x,581.3x,317.9x,210.0,220.5,200.0%,-0.4%
642,Addictive Learning,SME,141.3,224.7,30 Jan `24,60.2 Cr,₹ 140,59.5x,533.7x,387.3x,245.3x,310.0,294.5,121.4%,0.9%
643,Euphoria Infotech,SME,50.9,14.8,30 Jan `24,9.6 Cr,₹ 100,413.3x,238.0x,426.6x,364.7x,190.0,181.5,90.0%,-49.1%
644,Qualitek Labs,SME,302.0,301.4,29 Jan `24,19.6 Cr,₹ 100,-,74.8x,37.2x,56.0x,190.0,199.5,90.0%,202.0%
645,Maxposure,SME,52.0,118.3,23 Jan `24,20.3 Cr,₹ 33,83.4x,2574.0x,1363.1x,904.9x,145.0,137.8,339.4%,57.6%
646,Shree Marutinandan Tubes,SME,136.6,47.2,19 Jan `24,14.3 Cr,₹ 143,-,33.0x,56.7x,44.9x,200.0,210.0,39.9%,-4.5%
647,Australian Premium Solar,SME,544.9,1094.7,18 Jan `24,28.1 Cr,₹ 54,56.9x,1028.2x,711.9x,431.8x,140.0,147.0,159.3%,909.1%
648,New Swan Multitech,SME,68.2,129.6,18 Jan `24,33.1 Cr,₹ 66,110.7x,544.8x,388.2x,356.9x,125.4,131.7,90.0%,3.3%
649,IBL Finance,SME,64.2,158.6,16 Jan `24,33.4 Cr,₹ 51,-,9.6x,22.8x,16.2x,56.0,58.8,9.8%,25.8%
650,Kaushalya Logistics,SME,85.0,157.5,08 Jan `24,36.6 Cr,₹ 75,51.3x,1110.0x,491.4x,364.2x,100.0,105.0,33.3%,13.3%
651,Kay Cee Energy ,SME,360.9,441.1,05 Jan `24,15.9 Cr,₹ 54,66.0x,2184.5x,1711.0x,959.5x,252.0,239.4,366.7%,568.2%
652,Akanksha Power,SME,100.0,195.8,03 Jan `24,27.5 Cr,₹ 55,20.4x,316.8x,146.3x,108.9x,62.0,65.1,12.7%,81.8%
653,HRH Next Services,SME,41.3,54.5,03 Jan `24,9.6 Cr,₹ 36,-,63.7x,60.3x,62.0x,41.0,43.0,13.9%,14.6%
654,Shri Balaji Valve ,SME,128.6,104.9,03 Jan `24,21.6 Cr,₹ 100,70.0x,800.1x,169.9x,276.5x,190.0,199.5,90.0%,28.6%
655,Manoj Ceramic,SME,164.9,245.8,03 Jan `24,14.5 Cr,₹ 62,-,7.0x,10.2x,8.6x,82.0,77.9,32.3%,166.0%
656,AIK Pipes ,SME,73.5,46.8,02 Jan `24,15.0 Cr,₹ 89,-,53.5x,29.4x,41.4x,100.0,105.0,12.4%,-17.4%
657,Sameera Agro ,SME,28.8,171.2,01 Jan `24,62.6 Cr,₹ 180,-,1.7x,3.9x,2.8x,180.0,171.0,0.0%,-20.1%
658,Cedaar Textile,SME,113.0,156.9,07 Jul `25,60.9 Cr,₹ 140,10.8x,12.6x,11.4x,11.3x,119.0,-,-15.0%,-19.3%
659,Silky Overseas,SME,162.4,72.5,07 Jul `25,30.7 Cr,₹ 161,28.1x,481.6x,133.1x,132.8x,171.0,-,6.2%,0.9%
660,Pushpa Jewellers,SME,117.6,284.9,07 Jul `25,98.7 Cr,₹ 147,0.9x,3.2x,4.1x,2.4x,112.0,-,-23.8%,-20.0%
661,Marc Loire Fashions,SME,76.0,54.0,07 Jul `25,21.0 Cr,₹ 100,-,1.6x,3.4x,2.5x,80.0,-,-20.0%,-24.0%
662,Vandan Foods,SME,118.8,99.6,07 Jul `25,30.4 Cr,₹ 115,-,0.5x,2.9x,1.7x,125.0,-,8.7%,3.3%
663,Neetu Yoshi,SME,115.8,449.3,04 Jul `25,77.0 Cr,₹ 75,51.2x,341.6x,121.0x,119.2x,105.0,110.3,40.0%,54.4%
664,Adcounty Media,SME,142.5,320.6,04 Jul `25,50.7 Cr,₹ 85,72.2x,732.4x,302.1x,251.7x,130.0,136.5,52.9%,67.7%
665,Ace Alpha Tech,SME,93.8,164.6,03 Jul `25,32.2 Cr,₹ 69,35.2x,225.5x,121.0x,93.8x,81.0,85.0,17.4%,35.9%
666,PRO FX Tech,SME,102.5,179.4,03 Jul `25,40.3 Cr,₹ 87,11.7x,75.2x,18.7x,23.6x,95.0,99.8,9.2%,17.8%
667,Valencia,SME,75.5,98.1,03 Jul `25,49.0 Cr,₹ 110,1.2x,1.3x,1.3x,1.3x,88.0,83.6,-20.0%,-31.4%
668,Moving Media Entertainment,SME,74.3,139.6,03 Jul `25,43.4 Cr,₹ 70,21.7x,126.0x,60.1x,50.8x,71.0,74.5,1.4%,6.1%
669,Suntech Infra Solutions,SME,95.0,183.9,02 Jul `25,44.4 Cr,₹ 86,65.2x,704.0x,199.4x,208.0x,109.1,103.8,26.9%,10.5%
670,Supertech EV,SME,60.0,74.1,02 Jul `25,29.9 Cr,₹ 92,0.9x,2.1x,6.7x,4.2x,73.6,69.9,-20.0%,-34.8%
671,Rama Telecom,SME,64.8,85.5,02 Jul `25,25.1 Cr,₹ 68,0.4x,2.8x,2.7x,1.6x,72.0,68.4,5.9%,-4.7%
672,AJC Jewel Manufacturers,SME,88.0,53.4,01 Jul `25,15.4 Cr,₹ 95,1.9x,2.9x,3.8x,2.7x,99.0,95.4,4.2%,-7.4%
673,Shri HareKrishna Sponge Iron,SME,67.5,129.5,01 Jul `25,29.9 Cr,₹ 59,5.8x,13.9x,4.1x,6.4x,64.8,64.5,9.8%,14.4%
674,Icon Facilitators,SME,69.7,54.7,01 Jul `25,19.1 Cr,₹ 91,0.2x,3.1x,5.3x,2.4x,90.0,85.5,-1.1%,-23.4%
675,Abram Food,SME,86.7,44.7,01 Jul `25,14.0 Cr,₹ 98,-,33.3x,21.0x,27.1x,90.4,94.9,-7.8%,-11.5%
676,Mayasheel Ventures,SME,56.4,124.3,27 Jun `25,27.3 Cr,₹ 47,52.1x,951.4x,136.3x,216.5x,58.0,60.9,23.4%,19.9%
677,Safe Enterprises Retail,SME,183.5,855.2,27 Jun `25,169.7 Cr,₹ 138,18.2x,17.1x,5.9x,13.7x,151.0,158.6,9.4%,33.0%
678,Aakaar Medical Technologies,SME,65.0,92.1,27 Jun `25,27.0 Cr,₹ 72,1.9x,2.4x,2.6x,2.2x,75.0,71.3,4.2%,-9.7%
679,Influx Healthtech,SME,137.9,319.2,25 Jun `25,58.6 Cr,₹ 96,73.2x,639.8x,156.4x,187.3x,132.5,126.2,38.0%,43.6%
680,Eppeltone Engineers,SME,234.0,303.2,24 Jun `25,44.0 Cr,₹ 128,70.2x,834.8x,329.5x,275.7x,243.2,255.3,90.0%,82.8%
681,Samay Project Services,SME,32.3,49.6,23 Jun `25,14.7 Cr,₹ 34,11.6x,94.5x,20.1x,27.0x,36.0,36.0,6.0%,-5.0%
682,Patil Automation,SME,213.5,465.9,23 Jun `25,69.6 Cr,₹ 120,44.0x,343.4x,59.5x,94.3x,155.0,162.8,29.2%,77.9%
683,Aten Papers and Foam,SME,43.7,45.0,20 Jun `25,31.7 Cr,₹ 96,0.3x,2.3x,2.8x,1.5x,90.0,85.5,-6.3%,-54.5%
684,Monolithisch India,SME,334.5,727.1,19 Jun `25,82.0 Cr,₹ 143,68.7x,611.9x,125.8x,170.1x,231.6,243.1,61.9%,133.9%
685,Jainik Power Cables,SME,73.5,105.5,17 Jun `25,51.3 Cr,₹ 110,0.2x,3.6x,2.5x,1.5x,82.0,82.8,-25.4%,-33.2%
686,Sacheerome,SME,158.0,353.5,16 Jun `25,61.6 Cr,₹ 102,91.9x,1075.3x,239.6x,291.1x,153.0,160.6,50.0%,54.9%
687,Ganga Bath Fittings,SME,30.9,68.7,11 Jun `25,32.6 Cr,₹ 49,2.1x,0.8x,2.4x,1.6x,59.0,56.0,20.4%,-36.8%
688,3B Films,SME,25.9,72.4,06 Jun `25,33.8 Cr,₹ 50,-,0.9x,2.6x,1.8x,48.5,46.1,-3.0%,-48.2%
689,Neptune Petrochemicals,SME,142.7,323.2,04 Jun `25,73.2 Cr,₹ 122,3.8x,13.4x,-,3.9x,132.8,139.3,8.8%,16.9%
690,N R Vandana Tex Industries,SME,40.0,93.1,04 Jun `25,27.9 Cr,₹ 45,19.4x,561.9x,-,94.0x,45.0,43.7,0.0%,-11.2%
691,Blue Water Logistics,SME,154.0,169.4,03 Jun `25,40.5 Cr,₹ 135,7.3x,13.8x,8.7x,8.8x,141.0,148.1,4.4%,14.1%
692,Nikita Papers,SME,91.5,225.8,03 Jun `25,67.5 Cr,₹ 104,0.6x,2.7x,2.0x,1.4x,90.0,90.5,-13.5%,-12.0%
693,Astonea Labs,SME,143.6,150.9,03 Jun `25,37.7 Cr,₹ 135,0.9x,7.9x,2.2x,2.4x,137.4,135.7,1.8%,6.4%
694,Unified Data Tech Solutions,SME,311.2,625.2,29 May `25,144.5 Cr,₹ 273,44.5x,282.6x,57.9x,84.9x,285.0,299.3,4.4%,14.0%
695,Dar Credit Capital,SME,59.2,84.5,28 May `25,25.7 Cr,₹ 60,16.6x,277.5x,139.3x,98.7x,65.2,64.0,8.6%,-1.3%
696,Accretion Pharmaceuticals,SME,66.5,73.9,21 May `25,29.8 Cr,₹ 101,1.3x,13.1x,13.5x,7.3x,79.0,83.0,-21.8%,-34.2%
697,Integrity Infrabuild,SME,101.0,43.5,20 May `25,12.0 Cr,₹ 100,-,2.1x,2.1x,2.1x,100.8,103.5,0.8%,1.1%
698,Virtual Galaxy Infotech,SME,166.3,413.4,19 May `25,93.3 Cr,₹ 142,68.2x,790.8x,178.1x,215.1x,180.0,189.0,26.8%,17.1%
699,Manoj Jewellers,SME,54.5,49.0,12 May `25,16.2 Cr,₹ 54,-,1.3x,1.0x,1.1x,54.0,53.8,-0.1%,0.9%
700,Srigee DLM,SME,301.7,180.2,12 May `25,17.0 Cr,₹ 99,72.8x,2046.7x,324.1x,456.8x,188.1,197.5,90.0%,204.8%
701,Kenrik Industries,SME,14.6,18.2,09 May `25,8.8 Cr,₹ 25,-,0.3x,3.6x,1.9x,25.0,26.3,0.0%,-41.6%
702,Arunaya Organics,SME,25.5,44.7,07 May `25,34.0 Cr,₹ 58,1.0x,1.5x,4.1x,2.5x,30.1,31.6,-48.1%,-56.0%
703,Iware Supplychain Services,SME,86.0,92.2,06 May `25,27.1 Cr,₹ 95,-,2.6x,3.1x,2.9x,85.0,80.9,-10.5%,-9.5%
704,Tankup Engineers,SME,330.4,175.0,30 Apr `25,19.5 Cr,₹ 140,22.3x,560.9x,59.6x,116.2x,175.0,183.8,25.0%,136.0%
705,Infonative Solutions,SME,32.8,38.8,08 Apr `25,24.7 Cr,₹ 79,1.9x,3.6x,8.2x,4.3x,63.2,60.0,-20.0%,-58.5%
706,Spinaroo Commercial,SME,66.8,46.8,08 Apr `25,10.2 Cr,₹ 51,-,1.8x,1.1x,1.5x,52.9,54.4,3.6%,31.1%
707,Retaggio Industries,SME,20.3,31.6,07 Apr `25,15.5 Cr,₹ 25,-,1.2x,2.3x,1.8x,25.1,25.2,0.4%,-18.7%
708,Identixweb,SME,62.0,64.7,03 Apr `25,16.6 Cr,₹ 54,5.9x,98.2x,19.1x,24.4x,55.0,57.8,1.9%,14.8%
709,Shri Ahimsa Naturals,SME,150.0,350.0,02 Apr `25,73.8 Cr,₹ 119,11.2x,242.8x,46.8x,58.4x,140.0,147.0,17.6%,26.1%
710,ATC Energies System,SME,79.5,162.1,02 Apr `25,63.8 Cr,₹ 118,0.4x,2.6x,2.9x,1.6x,107.0,101.7,-9.3%,-32.6%
711,Desco Infratech,SME,229.5,176.2,01 Apr `25,30.8 Cr,₹ 150,15.1x,310.9x,67.4x,77.7x,160.0,168.0,6.7%,53.0%
712,Active Infrastructures,SME,170.0,255.3,28 Mar `25,77.8 Cr,₹ 181,0.1x,4.8x,0.8x,1.1x,181.0,175.6,0.0%,-6.1%
713,Rapid Fleet Management,SME,194.0,144.2,28 Mar `25,43.9 Cr,₹ 192,0.5x,6.3x,0.9x,1.5x,195.0,200.9,1.6%,1.0%
714,Grand Continent Hotels,SME,170.0,423.6,27 Mar `25,74.5 Cr,₹ 113,1.6x,2.3x,1.8x,1.7x,112.9,107.3,-0.1%,50.4%
715,Divine Hira Jewellers,SME,56.4,73.6,24 Mar `25,31.8 Cr,₹ 90,-,1.2x,6.3x,3.8x,90.0,85.5,0.0%,-37.3%
716,Paradeep Parivahan,SME,125.1,199.1,24 Mar `25,44.9 Cr,₹ 98,0.6x,4.3x,1.9x,1.6x,78.4,82.3,-20.0%,27.6%
717,Super Iron Foundry,SME,34.0,79.5,19 Mar `25,68.0 Cr,₹ 108,-,1.4x,1.7x,1.5x,108.0,102.6,-0.1%,-68.5%
718,PDP Shipping & Projects,SME,80.0,23.8,18 Mar `25,12.7 Cr,₹ 135,-,0.2x,1.8x,1.0x,108.3,102.8,-19.8%,-40.7%
719,NAPS Global,SME,42.3,18.8,11 Mar `25,11.9 Cr,₹ 90,-,0.8x,1.5x,1.2x,108.0,102.6,20.0%,-53.0%
720,Balaji Phosphates,SME,143.0,340.0,07 Mar `25,50.1 Cr,₹ 70,0.9x,1.6x,1.1x,1.2x,75.0,74.3,7.1%,104.3%
721,Shreenath Paper Products,SME,25.0,49.1,05 Mar `25,23.4 Cr,₹ 44,-,0.6x,3.0x,1.8x,35.2,33.4,-20.0%,-43.2%
722,Nukleus Office Solutions,SME,171.0,68.9,04 Mar `25,31.7 Cr,₹ 234,-,0.7x,1.4x,1.0x,187.2,196.6,-20.0%,-26.9%
723,Beezaasan Explotech,SME,235.0,303.6,03 Mar `25,59.9 Cr,₹ 175,6.1x,6.7x,3.0x,5.1x,146.0,153.3,-16.6%,34.3%
724,HP Telecom,SME,197.8,235.7,28 Feb `25,34.2 Cr,₹ 108,-,2.0x,1.8x,1.9x,115.0,115.0,6.5%,83.2%
725,Swasth Foodtech,SME,33.9,19.9,28 Feb `25,14.9 Cr,₹ 94,-,2.5x,12.5x,7.5x,94.0,89.3,0.0%,-63.9%
726,Royal Arc Electrodes,SME,140.0,155.4,24 Feb `25,36.0 Cr,₹ 120,0.5x,1.7x,2.9x,1.6x,120.0,121.3,0.0%,16.7%
727,Tejas Cargo,SME,208.0,497.0,24 Feb `25,105.8 Cr,₹ 168,0.7x,1.9x,1.4x,1.1x,175.0,168.0,4.2%,23.8%
728,LK Mehta Polymers,SME,51.3,19.7,21 Feb `25,7.4 Cr,₹ 71,-,40.7x,43.8x,42.3x,71.1,68.3,0.1%,-27.8%
729,Shanmuga Hospital,SME,42.0,57.2,21 Feb `25,20.6 Cr,₹ 54,-,0.7x,4.2x,2.4x,54.0,51.3,0.0%,-22.2%
730,P S Raj Steels,SME,151.0,113.8,19 Feb `25,28.3 Cr,₹ 140,0.6x,28.6x,13.1x,9.2x,145.0,150.6,3.6%,7.9%
731,Voler Car,SME,91.9,102.4,19 Feb `25,27.0 Cr,₹ 90,4.8x,24.6x,18.0x,12.4x,90.0,91.5,0.0%,2.1%
732,Maxvolt Energy Industries,SME,248.9,271.5,19 Feb `25,54.0 Cr,₹ 180,3.6x,2.4x,2.6x,3.1x,180.0,180.9,0.0%,38.3%
733,Chandan Healthcare,SME,198.8,486.1,17 Feb `25,107.4 Cr,₹ 159,3.8x,24.3x,3.1x,6.6x,165.1,173.3,3.8%,25.0%
734,Eleganz Interiors,SME,124.0,280.2,14 Feb `25,78.1 Cr,₹ 130,13.0x,80.8x,28.5x,28.6x,122.0,116.0,-6.2%,-4.6%
735,Readymix Construction,SME,115.0,126.1,13 Feb `25,37.7 Cr,₹ 123,2.7x,6.8x,5.7x,4.3x,123.0,116.8,0.0%,-6.5%
736,Solarium Green Energy,SME,447.9,933.9,13 Feb `25,105.0 Cr,₹ 191,4.5x,24.4x,6.7x,8.3x,202.0,211.9,5.8%,134.5%
737,Ken Enterprises,SME,38.3,94.1,12 Feb `25,83.7 Cr,₹ 94,-,1.8x,6.5x,4.1x,85.0,80.8,-9.6%,-59.3%
738,Amwill Health Care,SME,67.1,134.2,12 Feb `25,60.0 Cr,₹ 111,7.4x,5.5x,4.5x,5.5x,88.8,93.3,-19.9%,-39.6%
739,Chamunda Electrical,SME,44.8,49.3,11 Feb `25,14.6 Cr,₹ 50,82.0x,2558.0x,729.3x,680.0x,70.0,66.5,40.0%,-10.4%
740,Malpani Pipes And Fittings Ltd.,SME,72.5,78.1,04 Feb `25,25.9 Cr,₹ 90,31.4x,458.0x,150.1x,136.9x,85.9,84.0,-4.6%,-19.4%
741,GB Logistics Commerce Ltd.,SME,54.9,45.0,31 Jan `25,25.1 Cr,₹ 102,14.3x,722.7x,162.1x,172.3x,81.6,81.8,-20.0%,-46.2%
742,H.M. Electro Mech,SME,68.0,93.2,31 Jan `25,27.7 Cr,₹ 75,9.5x,245.2x,129.8x,87.0x,81.0,77.0,8.0%,-9.3%
743,CLN Energy Ltd.,SME,582.8,615.0,30 Jan `25,72.3 Cr,₹ 250,0.6x,11.9x,8.7x,5.1x,256.0,254.2,2.4%,133.1%
744,Rexpro Enterprises,SME,84.7,94.9,29 Jan `25,53.6 Cr,₹ 145,-,7.9x,25.9x,16.9x,117.0,111.2,-19.3%,-41.6%
745,CapitalNumbers Infotech Ltd.,SME,138.2,337.5,27 Jan `25,169.4 Cr,₹ 263,64.8x,394.9x,95.5x,125.0x,274.0,261.4,4.2%,-47.5%
746,EMA Partners India Ltd.,SME,99.7,231.8,24 Jan `25,76.0 Cr,₹ 124,78.4x,590.7x,222.4x,205.7x,156.5,148.7,26.2%,-19.6%
747,Landmark Immigration Consultants Ltd.,SME,62.0,127.9,23 Jan `25,40.3 Cr,₹ 72,18.5x,156.3x,102.6x,68.6x,75.0,75.1,4.2%,-13.8%
748,Kabra Jewels,SME,117.7,123.4,22 Jan `25,40.0 Cr,₹ 128,77.0x,695.8x,479.8x,310.8x,243.2,255.3,90.0%,-8.1%
749,Rikhav Securities Ltd.,SME,62.0,237.4,22 Jan `25,88.8 Cr,₹ 86,90.2x,821.5x,334.3x,285.3x,163.4,171.6,90.0%,-27.9%
750,Barflex Polyfilms,SME,66.8,165.2,20 Jan `25,39.4 Cr,₹ 60,41.5x,495.3x,130.6x,140.8x,60.0,63.0,0.0%,11.3%
751,Sat Kartar Shopping,SME,174.0,274.0,17 Jan `25,33.8 Cr,₹ 81,67.2x,1069.0x,348.7x,316.0x,153.9,161.6,90.0%,114.8%
752,Avax Apparels and Ornaments Ltd.,SME,132.8,13.8,14 Jan `25,1.9 Cr,₹ 70,-,133.4x,360.9x,247.2x,133.0,139.7,90.0%,89.6%
753,Delta Autocorp,SME,68.0,104.0,14 Jan `25,54.6 Cr,₹ 130,92.1x,806.9x,405.5x,309.0x,175.0,167.3,34.6%,-47.7%
754,B.R.Goyal Infra,SME,121.0,288.3,14 Jan `25,85.2 Cr,₹ 135,36.8x,338.8x,116.2x,109.9x,135.8,142.5,0.6%,-10.4%
755,Indobell Insulation Ltd.,SME,110.0,69.3,13 Jan `25,10.1 Cr,₹ 46,-,48.8x,54.1x,51.5x,87.4,91.8,90.0%,139.1%
756,Fabtech Technologies Cleanrooms Ltd.,SME,385.0,474.3,10 Jan `25,27.7 Cr,₹ 85,119.0x,1974.4x,950.1x,688.2x,161.5,169.6,90.0%,352.9%
757,Davin Sons Retail Ltd.,SME,21.3,11.2,09 Jan `25,8.8 Cr,₹ 55,-,73.1x,156.5x,114.8x,44.0,46.2,-20.0%,-61.2%
758,Parmeshwar Metal Ltd.,SME,64.0,98.0,09 Jan `25,24.7 Cr,₹ 61,94.1x,1597.6x,792.4x,564.0x,84.5,88.7,38.5%,4.9%
759,Leo Dryfruits & Spices Trading Ltd.,SME,73.1,130.8,08 Jan `25,25.1 Cr,₹ 52,35.6x,525.7x,207.0x,169.1x,68.0,71.4,30.8%,40.6%
760,Technichem Organics Ltd.,SME,45.1,78.2,07 Jan `25,25.3 Cr,₹ 55,53.5x,1425.0x,434.6x,392.6x,57.3,60.1,4.1%,-17.9%
761,Citichem India Ltd.,SME,27.3,18.5,03 Jan `25,12.6 Cr,₹ 70,-,263.8x,522.7x,393.2x,70.0,68.3,0.0%,-61.1%
762,Anya Polytech Fertilizers,SME,26.9,322.8,02 Jan `25,44.8 Cr,₹ 14,80.1x,1463.9x,427.5x,409.3x,17.1,17.9,22.1%,92.1%
